loteria,concurso,data,acumulou,b1,b2,b3,b4,b5,b6,b7,o1,o2,o3,o4,o5,o6,o7
diadesorte,1,19/05/2018,False,03,05,08,09,19,21,30,03,09,05,30,08,19,21
diadesorte,2,22/05/2018,False,08,11,12,14,20,21,28,12,28,21,08,11,14,20
diadesorte,3,24/05/2018,False,11,12,21,24,25,28,29,11,25,28,12,21,29,24
diadesorte,4,26/05/2018,True,06,07,13,15,18,19,29,15,19,07,13,29,06,18
diadesorte,5,29/05/2018,True,02,08,09,17,19,24,28,02,08,09,17,24,19,28
diadesorte,6,02/06/2018,False,01,11,18,19,26,30,31,19,18,11,01,26,31,30
diadesorte,7,05/06/2018,False,02,05,06,14,20,24,25,25,06,02,05,24,14,20
diadesorte,8,07/06/2018,True,01,04,13,21,22,24,27,24,01,21,27,04,22,13
diadesorte,9,09/06/2018,False,03,10,13,18,19,23,24,18,24,23,03,10,19,13
diadesorte,10,12/06/2018,True,06,10,13,18,19,20,30,18,30,19,06,20,13,10
diadesorte,11,14/06/2018,True,07,13,16,19,20,27,31,07,13,27,19,31,16,20
diadesorte,12,16/06/2018,False,02,03,07,12,17,21,22,22,07,12,03,02,21,17
diadesorte,13,19/06/2018,True,01,04,07,09,20,21,26,20,21,09,26,01,07,04
diadesorte,14,21/06/2018,True,01,08,16,20,21,26,31,16,26,31,01,08,20,21
diadesorte,15,23/06/2018,True,08,11,13,16,26,28,29,26,13,16,08,11,29,28
diadesorte,16,26/06/2018,False,01,02,07,12,16,20,25,16,07,01,12,02,20,25
diadesorte,17,28/06/2018,True,09,11,13,14,19,20,22,09,20,19,14,11,22,13
diadesorte,18,30/06/2018,False,04,07,08,14,21,27,31,21,07,08,27,14,04,31
diadesorte,19,03/07/2018,True,03,04,09,12,14,28,29,29,28,12,14,03,04,09
diadesorte,20,05/07/2018,False,06,12,17,21,26,29,31,17,31,12,21,06,26,29
diadesorte,21,07/07/2018,True,02,08,10,11,12,18,31,18,31,08,11,10,12,02
diadesorte,22,10/07/2018,True,02,04,05,12,18,22,27,04,12,05,02,27,22,18
diadesorte,23,12/07/2018,True,09,10,17,19,25,27,28,19,27,09,17,10,25,28
diadesorte,24,14/07/2018,False,07,08,12,15,16,18,30,07,16,30,18,08,12,15
diadesorte,25,17/07/2018,False,01,10,13,17,21,25,29,29,13,17,25,10,21,01
diadesorte,26,19/07/2018,True,02,08,10,11,16,20,28,28,02,11,20,08,10,16
diadesorte,27,21/07/2018,False,06,12,15,17,20,23,28,23,20,28,12,15,17,06
diadesorte,28,24/07/2018,False,02,09,12,15,18,20,24,20,24,18,09,15,02,12
diadesorte,29,26/07/2018,True,03,05,13,21,22,24,27,21,03,22,27,05,13,24
diadesorte,30,28/07/2018,True,04,08,09,17,20,27,30,08,04,09,30,27,20,17
diadesorte,31,31/07/2018,True,04,06,07,09,11,24,28,06,07,28,04,11,09,24
diadesorte,32,02/08/2018,False,03,04,07,16,18,20,27,18,03,20,07,16,04,27
diadesorte,33,04/08/2018,True,03,10,12,13,23,28,31,13,28,31,12,10,23,03
diadesorte,34,07/08/2018,False,06,12,15,18,23,27,29,15,18,29,27,23,06,12
diadesorte,35,09/08/2018,True,03,07,11,12,17,22,23,17,23,03,07,11,22,12
diadesorte,36,11/08/2018,True,02,07,11,12,13,16,27,11,12,07,16,13,02,27
diadesorte,37,14/08/2018,False,02,07,12,16,18,22,23,18,16,02,23,22,12,07
diadesorte,38,16/08/2018,True,08,15,17,18,26,29,30,08,17,29,26,30,18,15
diadesorte,39,18/08/2018,False,04,05,06,09,13,25,30,06,25,04,09,13,05,30
diadesorte,40,21/08/2018,False,02,10,12,14,19,21,27,27,19,14,12,21,10,02
diadesorte,41,23/08/2018,False,07,12,23,25,27,30,31,23,07,25,31,12,27,30
diadesorte,42,25/08/2018,True,06,11,14,16,17,29,31,14,31,17,11,29,16,06
diadesorte,43,28/08/2018,False,04,07,17,18,27,28,31,27,28,04,31,18,17,07
diadesorte,44,30/08/2018,True,07,09,15,23,26,30,31,31,26,23,09,30,07,15
diadesorte,45,01/09/2018,False,02,05,07,12,15,29,30,29,02,12,15,30,05,07
diadesorte,46,04/09/2018,True,01,04,05,08,10,16,30,05,08,01,16,04,30,10
diadesorte,47,06/09/2018,True,05,07,13,15,16,20,22,07,16,13,20,15,22,05
diadesorte,48,08/09/2018,True,06,08,10,17,23,29,31,10,29,06,31,17,23,08
diadesorte,49,11/09/2018,False,04,11,16,17,20,23,31,11,04,20,16,17,23,31
diadesorte,50,13/09/2018,True,14,16,17,18,22,23,31,23,16,31,14,22,17,18
diadesorte,51,15/09/2018,False,02,08,10,14,16,24,28,02,16,10,28,14,24,08
diadesorte,52,18/09/2018,False,07,12,14,20,22,24,26,26,20,14,22,24,07,12
diadesorte,53,20/09/2018,True,03,07,16,18,19,25,30,25,16,03,19,07,18,30
diadesorte,54,22/09/2018,True,04,11,18,21,24,25,27,18,25,11,21,27,04,24
diadesorte,55,25/09/2018,True,01,08,16,18,22,25,28,18,28,01,22,25,16,08
diadesorte,56,27/09/2018,False,09,10,15,16,17,23,31,15,09,31,17,10,23,16
diadesorte,57,29/09/2018,False,03,05,10,12,18,26,28,12,28,03,05,26,10,18
diadesorte,58,02/10/2018,False,11,12,13,24,25,29,30,30,11,25,24,29,13,12
diadesorte,59,04/10/2018,False,03,04,05,08,10,24,25,24,08,10,04,25,05,03
diadesorte,60,06/10/2018,True,01,06,07,08,17,18,22,08,01,07,17,06,18,22
diadesorte,61,09/10/2018,False,05,08,10,13,19,25,28,05,08,13,28,25,19,10
diadesorte,62,11/10/2018,True,07,11,13,18,23,28,30,18,07,11,23,13,30,28
diadesorte,63,13/10/2018,False,02,03,06,09,27,28,29,28,02,09,06,03,27,29
diadesorte,64,16/10/2018,False,05,06,08,17,18,20,27,20,05,18,17,27,08,06
diadesorte,65,18/10/2018,True,07,20,21,27,28,30,31,31,28,20,27,30,07,21
diadesorte,66,20/10/2018,True,04,06,10,11,12,17,24,17,11,24,04,10,12,06
diadesorte,67,23/10/2018,False,01,04,08,14,19,22,26,19,22,01,04,26,14,08
diadesorte,68,25/10/2018,True,01,04,06,14,20,21,27,04,06,01,20,21,14,27
diadesorte,69,27/10/2018,True,01,03,05,06,08,26,29,01,26,08,05,29,06,03
diadesorte,70,30/10/2018,False,02,04,05,09,11,28,29,09,29,11,05,04,28,02
diadesorte,71,01/11/2018,True,04,06,07,08,24,27,31,27,31,08,07,04,24,06
diadesorte,72,03/11/2018,False,01,02,06,08,09,18,21,18,01,09,02,06,08,21
diadesorte,73,06/11/2018,False,08,09,10,11,14,18,23,09,14,08,23,18,11,10
diadesorte,74,08/11/2018,False,06,12,15,17,20,23,29,15,23,12,17,06,29,20
diadesorte,75,10/11/2018,True,02,03,06,14,28,30,31,06,02,30,03,14,28,31
diadesorte,76,13/11/2018,False,10,15,16,21,25,26,29,15,10,16,29,21,25,26
diadesorte,77,17/11/2018,False,06,07,11,12,14,19,21,11,19,06,21,12,07,14
diadesorte,78,20/11/2018,True,04,06,08,13,14,19,23,13,06,19,23,04,08,14
diadesorte,79,22/11/2018,True,01,08,10,12,15,21,28,15,21,08,28,10,12,01
diadesorte,80,24/11/2018,False,02,03,04,10,18,19,28,18,03,28,04,19,02,10
diadesorte,81,27/11/2018,True,06,10,12,25,26,27,29,10,27,29,26,25,06,12
diadesorte,82,29/11/2018,False,02,09,10,13,16,17,22,16,10,17,13,09,02,22
diadesorte,83,01/12/2018,True,02,09,10,13,15,21,26,26,13,09,21,02,15,10
diadesorte,84,04/12/2018,True,07,10,15,16,18,19,24,18,16,07,24,10,15,19
diadesorte,85,06/12/2018,False,03,07,21,22,23,26,31,22,21,31,07,03,23,26
diadesorte,86,08/12/2018,False,03,06,08,09,11,19,26,08,03,09,26,11,19,06
diadesorte,87,11/12/2018,True,07,09,10,15,18,21,22,18,07,09,21,15,10,22
diadesorte,88,13/12/2018,False,03,04,17,18,19,23,27,19,17,23,27,18,04,03
diadesorte,89,15/12/2018,False,03,06,16,18,19,24,31,06,16,24,03,31,18,19
diadesorte,90,18/12/2018,False,01,05,06,08,12,23,26,26,06,05,12,23,08,01
diadesorte,91,20/12/2018,True,08,10,15,16,23,28,29,16,29,08,23,10,28,15
diadesorte,92,22/12/2018,True,05,07,08,09,15,26,29,26,15,08,05,09,29,07
diadesorte,93,27/12/2018,False,01,08,09,16,21,23,30,01,23,16,30,21,09,08
diadesorte,94,29/12/2018,False,07,10,13,15,19,23,26,10,26,15,13,23,07,19
diadesorte,95,03/01/2019,False,05,07,08,18,20,23,28,08,18,07,28,20,23,05
diadesorte,96,05/01/2019,False,03,04,09,15,17,28,29,17,04,28,29,09,03,15
diadesorte,97,08/01/2019,True,01,10,12,22,23,25,28,01,10,22,12,25,23,28
diadesorte,98,10/01/2019,True,01,03,07,12,26,27,28,12,01,27,26,03,07,28
diadesorte,99,12/01/2019,True,04,14,20,27,28,29,30,27,04,14,28,29,30,20
diadesorte,100,15/01/2019,True,03,04,08,15,16,20,21,21,16,04,03,15,20,08
diadesorte,101,17/01/2019,True,04,05,09,13,19,20,29,13,20,04,09,19,05,29
diadesorte,102,19/01/2019,False,04,07,10,19,22,26,28,26,22,04,10,28,19,07
diadesorte,103,22/01/2019,True,04,05,19,23,25,26,31,05,04,26,25,23,19,31
diadesorte,104,24/01/2019,True,03,13,20,25,26,27,30,13,30,25,26,27,03,20
diadesorte,105,26/01/2019,False,03,07,08,12,21,24,29,12,29,21,24,08,07,03
diadesorte,106,29/01/2019,True,05,08,17,20,25,26,28,08,28,20,17,26,05,25
diadesorte,107,31/01/2019,False,04,07,13,15,18,20,23,07,20,18,04,15,13,23
diadesorte,108,02/02/2019,True,02,06,15,17,22,24,25,22,17,06,25,15,02,24
diadesorte,109,05/02/2019,False,03,18,20,23,24,26,28,18,24,26,03,28,23,20
diadesorte,110,07/02/2019,True,04,08,10,11,14,18,26,04,18,08,14,11,26,10
diadesorte,111,09/02/2019,True,01,06,08,14,17,21,26,06,17,14,26,08,01,21
diadesorte,112,12/02/2019,True,11,13,18,21,24,25,26,25,11,21,13,26,18,24
diadesorte,113,14/02/2019,False,06,09,10,12,17,27,30,09,30,06,17,10,27,12
diadesorte,114,16/02/2019,True,07,08,09,23,26,29,31,08,29,07,23,31,26,09
diadesorte,115,19/02/2019,False,07,08,13,16,18,21,22,18,21,16,13,22,07,08
diadesorte,116,21/02/2019,False,02,05,12,16,18,24,30,30,24,16,02,05,18,12
diadesorte,117,23/02/2019,False,05,07,09,16,18,20,27,05,16,27,07,09,18,20
diadesorte,118,26/02/2019,True,02,05,07,09,15,22,30,02,09,07,30,05,22,15
diadesorte,119,28/02/2019,False,02,03,06,12,24,25,28,06,12,03,02,28,25,24
diadesorte,120,02/03/2019,True,02,08,16,21,22,27,28,22,28,08,02,21,16,27
diadesorte,121,07/03/2019,True,03,09,10,12,14,19,24,03,10,24,19,09,12,14
diadesorte,122,09/03/2019,True,12,13,14,15,16,23,31,13,14,16,12,31,15,23
diadesorte,123,12/03/2019,False,06,11,16,18,19,21,23,23,06,19,18,21,16,11
diadesorte,124,14/03/2019,True,12,15,20,21,22,24,27,27,20,21,24,15,12,22
diadesorte,125,16/03/2019,True,01,08,12,13,17,26,30,17,30,13,08,01,12,26
diadesorte,126,19/03/2019,True,09,11,14,18,24,27,29,18,27,29,11,09,24,14
diadesorte,127,21/03/2019,False,01,05,07,09,17,21,22,05,01,22,07,09,17,21
diadesorte,128,23/03/2019,False,02,07,08,15,19,20,22,19,20,08,07,15,22,02
diadesorte,129,26/03/2019,False,06,12,13,15,16,28,29,13,28,12,15,16,29,06
diadesorte,130,28/03/2019,True,05,08,10,20,23,25,28,05,28,20,25,08,23,10
diadesorte,131,30/03/2019,False,04,05,11,22,26,27,30,22,30,05,11,04,26,27
diadesorte,132,02/04/2019,False,03,11,14,18,19,23,26,11,14,26,19,23,03,18
diadesorte,133,04/04/2019,False,01,04,08,10,20,22,31,22,10,04,01,20,31,08
diadesorte,134,06/04/2019,False,01,02,08,10,14,16,18,01,08,02,10,16,18,14
diadesorte,135,09/04/2019,True,02,05,06,11,25,27,28,25,02,05,11,27,06,28
diadesorte,136,11/04/2019,True,17,19,20,21,23,27,30,23,30,19,27,20,17,21
diadesorte,137,13/04/2019,False,03,05,06,08,16,19,28,28,06,03,16,08,19,05
diadesorte,138,16/04/2019,False,09,13,15,17,21,27,29,09,15,29,13,17,21,27
diadesorte,139,18/04/2019,True,03,04,11,13,18,19,22,11,22,04,18,19,13,03
diadesorte,140,20/04/2019,False,05,08,09,12,14,17,22,08,09,17,22,14,05,12
diadesorte,141,23/04/2019,False,02,07,09,15,23,25,30,02,15,07,09,23,30,25
diadesorte,142,25/04/2019,True,06,11,18,21,23,29,30,06,29,18,30,11,23,21
diadesorte,143,27/04/2019,False,05,10,11,15,22,29,31,05,22,11,29,15,10,31
diadesorte,144,30/04/2019,False,02,04,07,08,13,15,27,02,08,15,27,07,13,04
diadesorte,145,02/05/2019,False,02,03,06,10,11,13,15,11,13,02,03,15,10,06
diadesorte,146,04/05/2019,True,01,08,09,17,18,19,23,19,01,23,18,09,08,17
diadesorte,147,07/05/2019,True,02,03,06,08,09,22,27,08,27,06,02,09,03,22
diadesorte,148,09/05/2019,False,07,09,11,18,21,22,29,29,18,11,21,07,22,09
diadesorte,149,11/05/2019,True,03,16,20,21,25,26,30,30,26,21,20,03,16,25
diadesorte,150,14/05/2019,False,01,02,07,16,17,26,29,17,01,26,29,07,02,16
diadesorte,151,16/05/2019,False,03,11,13,17,22,29,31,31,13,17,03,29,11,22
diadesorte,152,18/05/2019,True,01,03,05,10,14,25,31,01,10,31,05,14,03,25
diadesorte,153,21/05/2019,False,02,13,21,23,25,29,30,21,13,02,29,30,23,25
diadesorte,154,23/05/2019,True,03,05,09,14,21,29,30,03,09,30,05,29,14,21
diadesorte,155,25/05/2019,False,03,13,15,16,25,27,28,16,13,27,03,15,28,25
diadesorte,156,28/05/2019,True,01,03,07,15,16,29,31,31,16,03,29,01,15,07
diadesorte,157,30/05/2019,False,02,10,17,18,20,25,29,20,10,25,18,17,29,02
diadesorte,158,01/06/2019,True,07,14,20,23,27,28,29,14,28,29,20,27,23,07
diadesorte,159,04/06/2019,False,01,10,14,17,23,28,31,01,31,10,17,23,28,14
diadesorte,160,06/06/2019,False,04,08,09,12,13,25,30,09,12,08,30,04,25,13
diadesorte,161,08/06/2019,True,02,03,05,14,15,20,25,02,20,25,03,15,14,05
diadesorte,162,11/06/2019,True,06,10,11,14,20,24,25,20,10,24,06,14,25,11
diadesorte,163,13/06/2019,True,07,10,16,18,24,25,27,18,24,25,07,10,27,16
diadesorte,164,15/06/2019,True,07,10,12,13,17,21,22,22,10,17,07,13,12,21
diadesorte,165,18/06/2019,True,04,05,07,08,11,19,24,04,08,11,19,24,07,05
diadesorte,166,22/06/2019,False,06,07,11,19,22,23,25,06,22,23,07,11,25,19
diadesorte,167,25/06/2019,True,10,11,12,13,15,20,26,10,11,15,20,12,26,13
diadesorte,168,27/06/2019,True,01,03,04,20,23,25,26,01,23,25,04,03,20,26
diadesorte,169,29/06/2019,True,09,11,14,18,24,26,29,09,18,14,29,24,11,26
diadesorte,170,02/07/2019,True,01,09,10,11,15,20,21,09,01,10,21,11,20,15
diadesorte,171,04/07/2019,False,03,07,11,18,20,23,29,03,20,23,11,18,29,07
diadesorte,172,06/07/2019,True,03,06,10,21,25,27,30,25,21,10,27,03,30,06
diadesorte,173,09/07/2019,True,02,07,11,13,25,27,28,28,07,25,27,11,13,02
diadesorte,174,11/07/2019,False,03,05,06,07,17,19,25,07,03,19,17,06,25,05
diadesorte,175,13/07/2019,False,04,06,07,17,21,26,31,21,04,06,26,07,31,17
diadesorte,176,16/07/2019,True,03,04,06,09,10,18,29,18,10,06,29,03,09,04
diadesorte,177,18/07/2019,True,03,11,17,18,24,25,28,03,18,25,17,28,24,11
diadesorte,178,20/07/2019,True,02,03,04,09,12,23,24,24,23,02,03,04,09,12
diadesorte,179,23/07/2019,False,03,04,05,11,21,24,30,05,04,21,11,30,03,24
diadesorte,180,25/07/2019,True,05,13,20,21,23,25,30,05,23,25,20,13,30,21
diadesorte,181,27/07/2019,True,06,08,10,15,17,26,28,10,06,08,17,26,15,28
diadesorte,182,30/07/2019,True,02,03,07,15,22,26,31,26,15,22,07,31,03,02
diadesorte,183,01/08/2019,False,05,07,16,17,21,24,27,24,07,16,27,21,05,17
diadesorte,184,03/08/2019,True,06,09,10,14,16,17,22,10,14,17,06,09,22,16
diadesorte,185,06/08/2019,True,07,11,18,21,24,28,29,18,11,24,29,07,21,28
diadesorte,186,08/08/2019,False,06,15,17,22,23,26,27,17,23,06,22,27,26,15
diadesorte,187,10/08/2019,False,01,03,06,15,17,23,26,01,15,06,26,03,23,17
diadesorte,188,13/08/2019,True,08,12,21,23,24,26,28,26,21,28,08,24,23,12
diadesorte,189,15/08/2019,False,02,07,13,16,18,20,29,20,07,18,29,16,13,02
diadesorte,190,17/08/2019,False,03,04,05,06,14,16,27,16,27,04,05,03,06,14
diadesorte,191,20/08/2019,False,03,04,11,24,26,28,29,28,03,26,29,11,24,04
diadesorte,192,22/08/2019,True,04,11,14,15,18,28,31,04,14,15,11,18,31,28
diadesorte,193,24/08/2019,True,12,13,16,25,28,30,31,30,31,13,28,16,25,12
diadesorte,194,27/08/2019,False,03,04,07,09,15,21,23,04,09,21,15,03,07,23
diadesorte,195,29/08/2019,True,02,03,05,14,15,22,23,23,22,03,14,05,15,02
diadesorte,196,31/08/2019,True,04,13,14,22,26,29,30,29,14,04,13,26,30,22
diadesorte,197,03/09/2019,False,01,02,04,11,17,18,28,28,04,02,17,18,01,11
diadesorte,198,05/09/2019,True,01,02,09,10,16,23,28,16,28,23,10,02,09,01
diadesorte,199,10/09/2019,True,02,15,20,21,22,23,24,15,23,22,21,20,24,02
diadesorte,200,12/09/2019,True,10,12,13,17,21,23,27,17,21,13,12,10,23,27
diadesorte,201,14/09/2019,True,02,07,09,13,14,16,29,13,14,02,16,07,09,29
diadesorte,202,17/09/2019,True,05,06,07,11,21,26,29,05,06,29,07,11,26,21
diadesorte,203,19/09/2019,True,02,03,07,10,15,17,20,20,17,10,02,03,15,07
diadesorte,204,21/09/2019,True,02,11,20,21,27,28,31,11,21,02,31,27,28,20
diadesorte,205,24/09/2019,False,05,06,09,17,19,20,23,05,17,23,06,19,09,20
diadesorte,206,26/09/2019,True,13,16,21,23,24,27,28,21,13,24,27,23,16,28
diadesorte,207,28/09/2019,False,01,05,08,10,12,25,28,12,10,05,28,08,25,01
diadesorte,208,01/10/2019,True,02,04,17,21,28,29,31,17,28,21,04,02,29,31
diadesorte,209,03/10/2019,True,05,07,14,17,19,23,29,17,14,05,29,23,07,19
diadesorte,210,05/10/2019,True,07,10,18,19,20,23,27,18,19,23,27,10,07,20
diadesorte,211,08/10/2019,True,01,05,13,24,26,27,29,05,26,13,24,01,29,27
diadesorte,212,10/10/2019,False,05,11,14,17,18,26,30,05,14,30,18,26,11,17
diadesorte,213,15/10/2019,True,06,09,10,18,21,24,26,21,18,09,26,06,24,10
diadesorte,214,17/10/2019,True,02,09,11,13,21,28,29,29,21,09,28,11,02,13
diadesorte,215,19/10/2019,False,04,07,11,13,15,18,25,13,18,07,04,11,15,25
diadesorte,216,22/10/2019,True,05,08,09,14,25,28,30,30,08,25,28,05,09,14
diadesorte,217,24/10/2019,True,02,06,16,17,18,20,26,16,26,17,02,18,06,20
diadesorte,218,26/10/2019,True,02,03,11,12,17,18,21,12,03,11,02,18,21,17
diadesorte,219,29/10/2019,True,03,06,10,16,17,25,28,03,16,25,28,06,17,10
diadesorte,220,31/10/2019,False,02,04,09,17,19,25,31,25,31,17,02,09,04,19
diadesorte,221,05/11/2019,False,03,06,07,09,15,27,31,07,03,09,15,27,06,31
diadesorte,222,07/11/2019,True,03,12,13,16,18,19,27,18,12,27,19,03,16,13
diadesorte,223,09/11/2019,True,03,04,10,11,14,19,28,03,14,28,04,19,10,11
diadesorte,224,12/11/2019,False,01,06,08,14,17,19,23,08,14,19,01,17,23,06
diadesorte,225,14/11/2019,True,01,07,12,14,22,24,26,07,26,01,22,12,24,14
diadesorte,226,16/11/2019,True,01,04,08,12,22,24,28,12,24,04,28,22,08,01
diadesorte,227,19/11/2019,True,02,11,12,15,17,20,25,20,02,12,17,11,25,15
diadesorte,228,21/11/2019,False,04,10,14,18,21,22,23,23,14,22,21,10,04,18
diadesorte,229,23/11/2019,False,09,13,15,21,25,27,30,27,30,21,15,09,25,13
diadesorte,230,26/11/2019,False,05,08,12,18,24,27,29,12,24,18,27,05,08,29
diadesorte,231,28/11/2019,True,04,10,12,13,14,24,26,10,13,04,12,14,24,26
diadesorte,232,30/11/2019,True,04,05,06,12,15,16,26,16,12,26,05,15,04,06
diadesorte,233,03/12/2019,False,03,06,07,16,22,23,28,16,06,23,22,07,28,03
diadesorte,234,05/12/2019,True,04,05,13,17,23,24,29,29,13,17,24,05,23,04
diadesorte,235,07/12/2019,True,13,17,18,19,22,27,29,19,22,29,17,13,18,27
diadesorte,236,10/12/2019,False,04,05,06,09,11,19,23,05,04,09,19,06,23,11
diadesorte,237,12/12/2019,False,03,06,14,18,19,29,31,06,18,03,31,19,14,29
diadesorte,238,14/12/2019,True,01,02,10,19,24,26,28,28,02,01,26,24,19,10
diadesorte,239,17/12/2019,False,05,13,15,23,27,29,30,15,13,29,05,30,27,23
diadesorte,240,19/12/2019,True,01,04,08,13,19,22,25,22,08,01,19,25,04,13
diadesorte,241,21/12/2019,True,03,05,06,12,20,23,31,23,05,03,31,12,20,06
diadesorte,242,24/12/2019,True,02,03,05,09,16,19,25,09,05,16,25,19,03,02
diadesorte,243,26/12/2019,True,02,04,08,13,14,17,22,17,14,13,08,22,02,04
diadesorte,244,28/12/2019,True,01,06,12,13,15,16,29,06,01,16,13,29,15,12
diadesorte,245,30/12/2019,True,01,05,07,14,21,30,31,30,21,31,01,07,05,14
diadesorte,246,02/01/2020,True,09,10,14,16,18,19,24,14,10,24,18,19,09,16
diadesorte,247,04/01/2020,False,02,09,10,12,17,25,28,25,02,09,10,17,28,12
diadesorte,248,07/01/2020,True,02,05,14,16,17,18,22,18,02,17,22,14,05,16
diadesorte,249,09/01/2020,False,03,08,12,20,21,27,29,08,12,20,29,27,03,21
diadesorte,250,11/01/2020,False,01,05,10,14,15,29,30,14,01,29,30,15,10,05
diadesorte,251,14/01/2020,False,05,11,14,18,20,27,31,27,11,05,18,14,31,20
diadesorte,252,16/01/2020,False,04,09,12,19,25,28,31,19,12,09,25,28,04,31
diadesorte,253,18/01/2020,False,04,12,14,19,23,28,29,29,12,28,04,23,19,14
diadesorte,254,21/01/2020,True,18,20,21,22,25,27,31,27,25,18,31,22,21,20
diadesorte,255,23/01/2020,False,03,11,23,24,25,28,30,25,24,23,30,28,03,11
diadesorte,256,25/01/2020,False,01,05,12,16,27,30,31,27,30,12,01,31,05,16
diadesorte,257,28/01/2020,False,05,12,17,19,21,24,28,21,24,28,12,17,19,05
diadesorte,258,30/01/2020,False,01,02,03,09,13,24,30,30,03,13,09,24,01,02
diadesorte,259,01/02/2020,False,06,09,10,13,21,26,29,09,10,26,21,06,13,29
diadesorte,260,04/02/2020,True,05,08,10,12,18,24,31,24,18,10,31,12,05,08
diadesorte,261,06/02/2020,False,05,08,09,18,23,26,31,09,23,26,18,31,05,08
diadesorte,262,08/02/2020,True,04,05,17,18,20,27,28,17,27,28,04,18,05,20
diadesorte,263,11/02/2020,True,09,18,19,21,23,27,30,21,19,23,30,27,09,18
diadesorte,264,13/02/2020,True,13,15,22,23,25,30,31,30,23,13,25,22,31,15
diadesorte,265,15/02/2020,False,02,03,14,16,17,20,27,14,27,17,16,02,03,20
diadesorte,266,18/02/2020,False,01,03,10,14,17,30,31,14,30,01,03,10,31,17
diadesorte,267,20/02/2020,True,01,02,06,09,13,20,30,20,13,30,09,02,01,06
diadesorte,268,22/02/2020,False,02,03,14,16,17,21,29,16,02,21,03,29,14,17
diadesorte,269,26/02/2020,True,01,04,06,09,26,27,31,06,31,26,01,09,04,27
diadesorte,270,27/02/2020,False,01,02,03,04,24,27,28,03,04,24,28,02,27,01
diadesorte,271,29/02/2020,True,07,15,17,20,21,24,29,21,07,24,17,29,15,20
diadesorte,272,03/03/2020,True,03,05,06,10,12,16,21,21,03,05,16,12,10,06
diadesorte,273,05/03/2020,True,03,11,12,19,20,26,28,11,20,12,03,28,26,19
diadesorte,274,07/03/2020,False,02,03,04,06,08,10,30,03,08,10,30,06,02,04
diadesorte,275,10/03/2020,True,07,10,12,14,24,27,28,24,27,12,10,28,07,14
diadesorte,276,12/03/2020,True,04,05,15,16,18,27,30,27,15,18,05,04,30,16
diadesorte,277,14/03/2020,True,02,03,10,13,21,22,31,02,31,13,22,03,10,21
diadesorte,278,17/03/2020,True,05,08,13,21,22,24,26,08,21,26,13,05,24,22
diadesorte,279,19/03/2020,True,03,07,10,13,24,25,28,13,10,07,03,25,24,28
diadesorte,280,21/03/2020,False,02,03,10,13,17,24,28,02,13,10,28,03,17,24
diadesorte,281,24/03/2020,False,05,07,09,14,24,26,31,26,24,14,31,07,09,05
diadesorte,282,26/03/2020,True,07,08,16,22,23,25,31,31,25,08,07,22,16,23
diadesorte,283,28/03/2020,False,02,08,17,20,21,22,24,08,02,21,17,20,24,22
diadesorte,284,31/03/2020,True,01,03,04,05,18,22,25,04,01,18,05,03,22,25
diadesorte,285,02/04/2020,True,10,15,17,18,21,22,23,22,23,17,21,15,10,18
diadesorte,286,04/04/2020,False,04,05,19,23,28,29,30,04,19,28,30,29,05,23
diadesorte,287,07/04/2020,True,10,14,15,16,18,24,30,16,10,18,30,24,14,15
diadesorte,288,09/04/2020,False,07,11,16,21,23,28,30,11,16,21,30,23,07,28
diadesorte,289,11/04/2020,True,02,04,14,17,19,21,30,30,04,14,19,21,02,17
diadesorte,290,14/04/2020,True,05,12,13,18,21,23,29,18,13,12,23,05,21,29
diadesorte,291,16/04/2020,True,02,03,05,07,10,17,20,10,07,17,20,03,05,02
diadesorte,292,18/04/2020,True,01,04,05,19,22,23,24,19,22,04,01,23,24,05
diadesorte,293,20/04/2020,False,03,07,13,20,25,27,28,25,20,03,13,07,28,27
diadesorte,294,23/04/2020,False,04,05,10,12,14,19,24,24,10,12,14,19,05,04
diadesorte,295,25/04/2020,True,01,04,05,09,10,22,30,22,05,04,10,30,09,01
diadesorte,296,28/04/2020,True,04,06,13,18,21,22,27,06,22,27,21,04,18,13
diadesorte,297,30/04/2020,True,10,13,14,15,20,23,29,14,23,10,15,29,20,13
diadesorte,298,02/05/2020,True,03,04,08,09,16,24,31,24,09,16,03,04,31,08
diadesorte,299,05/05/2020,True,03,14,15,17,20,21,22,22,20,15,14,03,17,21
diadesorte,300,07/05/2020,True,10,15,16,17,24,25,31,10,24,17,16,15,31,25
diadesorte,301,09/05/2020,True,11,18,22,27,28,29,30,18,29,22,11,27,28,30
diadesorte,302,12/05/2020,False,01,04,07,10,15,25,31,01,15,04,25,31,10,07
diadesorte,303,14/05/2020,False,05,13,15,16,18,25,30,05,18,15,25,16,30,13
diadesorte,304,16/05/2020,True,01,02,16,23,24,25,30,24,30,01,16,23,02,25
diadesorte,305,19/05/2020,True,04,08,09,10,20,25,28,25,04,08,28,09,10,20
diadesorte,306,21/05/2020,True,03,11,12,13,20,24,30,13,11,30,24,12,20,03
diadesorte,307,23/05/2020,True,04,08,14,15,16,24,27,27,15,14,24,08,16,04
diadesorte,308,26/05/2020,True,10,11,16,20,21,23,28,21,28,16,10,23,20,11
diadesorte,309,28/05/2020,True,02,05,10,11,12,18,19,02,11,18,10,05,19,12
diadesorte,310,30/05/2020,True,06,07,09,10,13,14,21,10,14,21,06,07,13,09
diadesorte,311,02/06/2020,False,01,03,09,16,17,21,22,21,16,17,22,09,01,03
diadesorte,312,04/06/2020,True,02,09,15,22,24,29,30,24,15,29,30,02,22,09
diadesorte,313,06/06/2020,False,09,12,16,19,24,28,29,29,28,19,24,16,12,09
diadesorte,314,09/06/2020,True,01,07,09,11,22,25,26,25,09,22,11,01,07,26
diadesorte,315,12/06/2020,True,09,10,19,22,26,27,28,09,28,19,10,26,22,27
diadesorte,316,13/06/2020,True,01,10,13,14,16,22,30,01,13,16,14,30,10,22
diadesorte,317,16/06/2020,False,05,07,08,14,15,22,28,14,08,28,15,22,07,05
diadesorte,318,18/06/2020,True,06,11,14,16,18,28,30,16,30,28,11,14,18,06
diadesorte,319,20/06/2020,False,03,10,14,17,28,29,30,28,17,03,29,14,10,30
diadesorte,320,23/06/2020,False,04,09,12,13,15,26,27,27,13,26,15,04,12,09
diadesorte,321,25/06/2020,False,07,13,21,22,26,29,31,07,31,13,26,22,29,21
diadesorte,322,27/06/2020,True,04,09,12,19,20,26,28,19,04,26,20,09,28,12
diadesorte,323,30/06/2020,True,01,09,24,25,27,29,30,30,01,27,09,24,25,29
diadesorte,324,02/07/2020,False,03,06,14,18,24,27,30,24,03,30,06,14,18,27
diadesorte,325,04/07/2020,True,07,08,19,20,21,24,26,20,08,19,21,07,26,24
diadesorte,326,07/07/2020,True,01,10,15,16,22,24,29,15,10,24,22,29,16,01
diadesorte,327,09/07/2020,True,04,09,13,15,21,23,25,09,23,13,04,21,15,25
diadesorte,328,11/07/2020,False,11,14,17,20,23,25,27,27,20,11,14,17,25,23
diadesorte,329,14/07/2020,True,02,06,09,17,18,19,22,19,09,02,17,18,06,22
diadesorte,330,16/07/2020,True,07,10,11,17,23,24,29,29,17,24,07,23,11,10
diadesorte,331,18/07/2020,False,07,08,23,26,29,30,31,23,08,07,29,26,31,30
diadesorte,332,21/07/2020,True,06,08,09,14,15,18,25,14,09,18,25,08,06,15
diadesorte,333,23/07/2020,True,05,10,13,16,18,20,22,22,16,13,18,20,10,05
diadesorte,334,25/07/2020,False,03,05,12,14,19,24,28,24,19,14,03,28,12,05
diadesorte,335,28/07/2020,True,01,03,05,10,13,14,26,01,05,13,10,03,14,26
diadesorte,336,30/07/2020,False,04,08,11,13,23,26,28,26,13,23,08,04,11,28
diadesorte,337,01/08/2020,True,01,06,07,20,21,27,30,06,07,30,27,01,20,21
diadesorte,338,04/08/2020,True,03,08,10,11,14,23,24,11,10,24,23,14,03,08
diadesorte,339,06/08/2020,True,01,05,09,10,23,24,25,10,23,24,09,05,25,01
diadesorte,340,08/08/2020,True,04,07,16,17,20,27,28,07,04,16,27,28,17,20
diadesorte,341,11/08/2020,False,01,05,08,10,11,13,27,01,27,11,08,13,05,10
diadesorte,342,13/08/2020,False,02,07,08,11,12,20,30,30,11,12,20,02,08,07
diadesorte,343,15/08/2020,True,01,07,11,25,26,29,31,29,26,25,07,11,31,01
diadesorte,344,18/08/2020,True,01,02,17,23,24,25,31,23,24,25,02,01,17,31
diadesorte,345,20/08/2020,True,05,07,08,13,22,26,30,05,26,07,13,08,22,30
diadesorte,346,22/08/2020,True,14,15,17,21,24,25,31,15,17,21,24,25,31,14
diadesorte,347,25/08/2020,True,06,08,19,20,22,23,29,19,29,06,23,08,20,22
diadesorte,348,27/08/2020,False,02,10,18,19,24,26,27,10,19,27,26,18,02,24
diadesorte,349,29/08/2020,False,02,10,17,25,26,28,29,26,25,10,17,29,02,28
diadesorte,350,01/09/2020,True,07,16,20,23,24,25,26,25,07,24,16,20,23,26
diadesorte,351,03/09/2020,True,04,08,09,11,18,19,26,11,09,26,19,18,04,08
diadesorte,352,05/09/2020,True,05,11,12,15,18,22,26,05,11,18,22,12,26,15
diadesorte,353,08/09/2020,True,09,16,20,22,24,28,30,24,22,28,30,16,20,09
diadesorte,354,10/09/2020,True,06,08,20,21,24,28,29,24,29,20,28,21,06,08
diadesorte,355,12/09/2020,True,04,12,13,16,19,22,31,31,16,13,04,22,19,12
diadesorte,356,15/09/2020,True,01,02,10,15,22,23,28,22,01,23,10,28,02,15
diadesorte,357,17/09/2020,False,03,04,06,11,23,24,26,23,24,03,04,06,26,11
diadesorte,358,19/09/2020,False,03,04,05,15,25,27,29,29,05,25,03,15,04,27
diadesorte,359,22/09/2020,True,06,09,14,20,21,22,25,22,06,21,14,25,20,09
diadesorte,360,24/09/2020,True,10,11,13,19,25,27,30,11,30,25,19,10,27,13
diadesorte,361,26/09/2020,True,01,04,05,12,14,22,27,04,01,14,12,22,05,27
diadesorte,362,29/09/2020,False,03,07,10,19,29,30,31,10,07,19,30,31,29,03
diadesorte,363,01/10/2020,True,02,11,12,13,14,18,30,30,18,14,11,13,12,02
diadesorte,364,03/10/2020,True,03,06,07,12,15,23,28,06,23,12,03,28,15,07
diadesorte,365,06/10/2020,True,06,11,14,15,17,19,21,17,21,11,19,06,14,15
diadesorte,366,08/10/2020,False,17,19,23,25,26,29,31,23,31,29,26,25,19,17
diadesorte,367,10/10/2020,False,06,15,17,22,23,26,29,17,26,29,06,23,15,22
diadesorte,368,13/10/2020,True,12,20,21,22,24,26,28,22,20,12,24,28,26,21
diadesorte,369,15/10/2020,False,10,15,16,17,19,21,30,17,16,10,21,19,15,30
diadesorte,370,17/10/2020,False,04,06,11,15,19,21,22,06,11,04,15,22,21,19
diadesorte,371,20/10/2020,True,03,11,12,16,24,29,31,03,12,16,29,11,24,31
diadesorte,372,22/10/2020,True,02,04,19,20,23,26,27,04,27,19,26,23,20,02
diadesorte,373,24/10/2020,False,05,10,21,25,26,29,31,21,10,05,26,31,29,25
diadesorte,374,27/10/2020,True,03,08,09,20,21,23,27,23,03,21,08,20,09,27
diadesorte,375,29/10/2020,True,04,08,09,13,20,23,30,08,13,09,30,23,20,04
diadesorte,376,31/10/2020,True,07,09,10,13,20,22,25,07,09,25,13,20,10,22
diadesorte,377,03/11/2020,True,01,11,12,13,17,29,31,31,13,12,01,17,29,11
diadesorte,378,05/11/2020,True,11,13,18,21,23,25,27,23,11,25,13,21,18,27
diadesorte,379,07/11/2020,False,03,07,14,21,24,26,27,24,07,27,21,26,14,03
diadesorte,380,10/11/2020,True,05,15,17,22,26,28,31,26,31,22,17,28,15,05
diadesorte,381,12/11/2020,True,14,15,16,17,22,24,29,29,24,15,22,16,14,17
diadesorte,382,14/11/2020,False,10,13,17,20,22,26,28,10,20,28,26,22,13,17
diadesorte,383,17/11/2020,True,02,09,11,16,22,24,30,22,30,11,02,09,24,16
diadesorte,384,19/11/2020,True,02,03,06,09,10,15,26,26,03,06,09,10,02,15
diadesorte,385,21/11/2020,False,04,06,07,14,15,22,31,15,06,07,14,31,22,04
diadesorte,386,24/11/2020,True,05,10,11,20,22,29,31,31,22,11,20,10,05,29
diadesorte,387,26/11/2020,True,02,06,15,18,21,22,23,23,18,21,22,06,02,15
diadesorte,388,28/11/2020,False,02,04,07,09,15,22,26,22,09,07,15,26,02,04
diadesorte,389,01/12/2020,True,05,16,23,25,27,28,29,25,29,27,23,16,05,28
diadesorte,390,03/12/2020,False,01,12,17,25,26,28,29,26,17,25,12,28,01,29
diadesorte,391,05/12/2020,True,05,07,10,11,13,17,23,13,07,05,10,11,17,23
diadesorte,392,08/12/2020,True,03,04,10,18,22,24,28,10,22,24,28,04,03,18
diadesorte,393,10/12/2020,True,06,13,19,21,23,27,28,28,13,21,23,19,06,27
diadesorte,394,12/12/2020,True,01,02,05,08,15,24,25,02,05,08,01,24,25,15
diadesorte,395,15/12/2020,True,08,14,16,21,25,30,31,30,16,31,21,08,25,14
diadesorte,396,17/12/2020,True,01,02,14,17,23,25,26,01,26,23,02,17,25,14
diadesorte,397,19/12/2020,True,07,08,09,10,12,14,30,14,09,12,30,10,07,08
diadesorte,398,22/12/2020,True,02,03,07,10,20,30,31,30,02,31,20,03,07,10
diadesorte,399,24/12/2020,True,02,07,15,19,20,23,24,02,19,23,07,24,20,15
diadesorte,400,29/12/2020,False,06,12,17,19,21,23,31,31,17,19,21,23,12,06
diadesorte,401,31/12/2020,True,03,04,06,07,10,24,31,10,07,06,04,31,03,24
diadesorte,402,05/01/2021,False,01,03,05,07,20,22,29,05,01,20,22,07,29,03
diadesorte,403,07/01/2021,False,04,09,11,25,26,29,30,29,26,11,25,30,09,04
diadesorte,404,09/01/2021,True,01,02,09,14,16,25,29,25,09,29,02,01,16,14
diadesorte,405,12/01/2021,True,04,05,07,11,13,18,30,30,18,07,11,05,04,13
diadesorte,406,14/01/2021,True,01,10,11,15,19,20,22,20,19,22,15,01,10,11
diadesorte,407,16/01/2021,False,04,05,12,13,16,25,26,26,05,13,12,16,04,25
diadesorte,408,19/01/2021,True,10,14,17,20,25,27,29,29,17,25,10,14,20,27
diadesorte,409,21/01/2021,True,10,14,16,24,28,30,31,31,28,10,24,14,16,30
diadesorte,410,23/01/2021,True,06,12,14,16,18,27,31,12,06,27,18,14,16,31
diadesorte,411,26/01/2021,False,03,04,08,11,19,26,27,11,03,27,19,26,04,08
diadesorte,412,28/01/2021,True,04,09,10,12,13,19,21,13,04,09,21,10,19,12
diadesorte,413,30/01/2021,True,03,06,09,12,16,21,22,06,03,12,09,16,22,21
diadesorte,414,02/02/2021,False,02,11,17,20,28,30,31,28,11,02,30,20,17,31
diadesorte,415,04/02/2021,True,04,08,10,14,20,27,29,04,27,29,10,14,08,20
diadesorte,416,06/02/2021,False,03,08,11,13,23,24,30,13,03,08,11,30,24,23
diadesorte,417,09/02/2021,True,03,08,11,17,19,21,26,03,19,17,11,08,26,21
diadesorte,418,11/02/2021,True,07,09,20,23,25,27,31,23,27,20,07,31,25,09
diadesorte,419,13/02/2021,True,02,03,10,13,17,24,31,17,03,31,24,10,13,02
diadesorte,420,18/02/2021,True,01,05,09,10,14,16,25,09,14,10,25,05,16,01
diadesorte,421,20/02/2021,True,06,09,11,14,19,22,25,06,25,11,19,09,22,14
diadesorte,422,23/02/2021,True,06,07,19,24,27,28,31,24,28,06,31,07,27,19
diadesorte,423,25/02/2021,True,05,07,09,13,18,21,30,09,05,13,30,18,21,07
diadesorte,424,27/02/2021,False,01,06,11,13,23,25,31,11,13,31,23,01,06,25
diadesorte,425,02/03/2021,True,16,18,19,21,26,29,31,21,26,19,31,16,18,29
diadesorte,426,04/03/2021,True,01,04,14,17,23,24,27,14,01,04,24,17,23,27
diadesorte,427,06/03/2021,True,02,05,09,10,11,13,24,10,09,05,02,13,11,24
diadesorte,428,09/03/2021,True,04,06,07,15,17,20,21,15,07,04,17,20,06,21
diadesorte,429,11/03/2021,True,08,15,17,19,23,27,31,17,27,15,08,23,19,31
diadesorte,430,13/03/2021,False,02,17,19,20,24,28,31,02,19,17,28,20,24,31
diadesorte,431,16/03/2021,True,14,20,23,24,26,27,31,20,31,14,26,27,23,24
diadesorte,432,18/03/2021,False,05,09,12,15,24,27,28,15,09,27,05,24,28,12
diadesorte,433,20/03/2021,True,01,06,07,19,25,27,31,27,31,06,07,19,25,01
diadesorte,434,23/03/2021,True,07,12,14,22,24,30,31,07,12,31,14,30,24,22
diadesorte,435,25/03/2021,True,07,08,14,21,23,26,30,14,21,26,30,08,23,07
diadesorte,436,27/03/2021,True,04,23,24,25,26,27,31,24,27,25,23,26,04,31
diadesorte,437,30/03/2021,True,01,14,22,26,27,28,31,22,01,27,31,26,28,14
diadesorte,438,01/04/2021,False,03,07,10,18,19,22,28,28,07,19,03,18,22,10
diadesorte,439,03/04/2021,True,01,06,14,19,23,27,28,01,06,28,19,14,27,23
diadesorte,440,06/04/2021,True,02,08,13,14,17,21,24,21,13,14,24,08,02,17
diadesorte,441,08/04/2021,True,01,09,14,19,28,29,30,19,30,09,29,01,28,14
diadesorte,442,10/04/2021,False,05,12,15,18,24,26,30,30,18,15,05,26,24,12
diadesorte,443,13/04/2021,False,01,06,08,10,11,21,31,21,01,11,08,31,10,06
diadesorte,444,15/04/2021,True,02,05,06,10,22,26,31,10,31,06,26,02,22,05
diadesorte,445,17/04/2021,False,01,16,18,21,24,26,30,18,01,24,16,30,21,26
diadesorte,446,20/04/2021,True,03,05,06,11,16,21,27,06,11,05,27,21,03,16
diadesorte,447,22/04/2021,True,04,07,09,18,20,26,29,09,20,18,04,29,26,07
diadesorte,448,24/04/2021,True,04,05,06,15,20,25,29,04,06,25,15,29,05,20
diadesorte,449,27/04/2021,False,04,06,07,16,22,23,29,23,29,06,22,16,07,04
diadesorte,450,29/04/2021,True,10,15,19,24,26,27,29,15,19,27,10,29,26,24
diadesorte,451,04/05/2021,True,07,11,17,19,24,26,30,11,30,24,07,17,26,19
diadesorte,452,06/05/2021,True,02,10,14,17,20,21,26,20,17,14,21,10,02,26
diadesorte,453,08/05/2021,True,01,03,08,13,17,21,23,17,13,03,21,08,23,01
diadesorte,454,11/05/2021,True,03,04,10,11,13,16,17,16,10,17,04,11,13,03
diadesorte,455,13/05/2021,False,09,12,13,14,21,24,29,12,14,29,21,13,24,09
diadesorte,456,15/05/2021,True,02,12,18,19,21,22,30,02,30,18,19,21,22,12
diadesorte,457,18/05/2021,True,04,08,12,14,15,22,29,22,04,08,12,14,15,29
diadesorte,458,20/05/2021,False,09,10,14,15,22,27,28,22,14,09,27,28,15,10
diadesorte,459,22/05/2021,True,01,08,10,13,16,27,29,16,10,13,08,29,27,01
diadesorte,460,25/05/2021,True,07,17,18,20,21,28,31,28,07,18,31,21,17,20
diadesorte,461,27/05/2021,True,02,08,11,24,25,28,29,28,08,25,24,02,11,29
diadesorte,462,29/05/2021,True,01,05,06,10,19,21,26,26,10,06,21,05,01,19
diadesorte,463,01/06/2021,False,05,08,10,16,22,26,30,10,08,16,22,26,05,30
diadesorte,464,05/06/2021,True,07,10,11,15,21,25,31,10,11,15,07,31,25,21
diadesorte,465,08/06/2021,True,01,09,20,25,27,30,31,20,25,27,31,09,30,01
diadesorte,466,10/06/2021,False,02,05,08,13,15,20,25,05,25,20,15,08,13,02
diadesorte,467,12/06/2021,True,05,06,09,21,22,25,29,22,05,06,25,21,29,09
diadesorte,468,15/06/2021,False,03,07,08,10,17,24,28,07,10,28,17,03,24,08
diadesorte,469,17/06/2021,False,05,06,07,08,11,14,26,05,26,14,08,06,11,07
diadesorte,470,19/06/2021,True,01,12,14,15,16,19,23,12,16,14,23,19,01,15
diadesorte,471,22/06/2021,False,02,03,11,12,19,24,27,27,24,03,02,11,12,19
diadesorte,472,24/06/2021,True,05,07,09,10,22,25,29,07,10,29,22,05,09,25
diadesorte,473,26/06/2021,True,02,09,11,16,20,27,28,09,16,02,28,20,11,27
diadesorte,474,29/06/2021,True,06,08,09,12,14,17,19,12,19,08,09,06,14,17
diadesorte,475,01/07/2021,True,10,14,15,18,23,27,29,15,23,10,29,14,18,27
diadesorte,476,03/07/2021,False,02,05,06,10,23,27,31,31,27,23,10,02,05,06
diadesorte,477,06/07/2021,False,02,05,08,12,19,23,26,08,23,12,05,26,19,02
diadesorte,478,08/07/2021,True,03,04,09,27,29,30,31,03,31,04,27,29,30,09
diadesorte,479,10/07/2021,True,01,05,12,13,15,20,23,05,20,23,13,15,01,12
diadesorte,480,13/07/2021,True,03,06,10,17,20,28,31,10,20,03,28,06,31,17
diadesorte,481,15/07/2021,True,04,05,11,14,23,24,31,14,04,11,24,31,23,05
diadesorte,482,17/07/2021,True,01,08,18,23,25,29,30,08,18,25,23,30,01,29
diadesorte,483,20/07/2021,True,02,09,11,12,16,23,29,02,29,09,16,12,11,23
diadesorte,484,22/07/2021,True,01,04,09,14,20,25,26,26,09,20,25,14,04,01
diadesorte,485,24/07/2021,True,04,20,21,22,23,26,28,20,26,21,22,23,04,28
diadesorte,486,27/07/2021,False,03,07,12,17,18,22,23,17,22,07,03,12,18,23
diadesorte,487,29/07/2021,False,02,07,12,19,20,30,31,12,20,19,31,30,02,07
diadesorte,488,31/07/2021,True,01,04,09,14,15,25,29,25,29,09,01,04,15,14
diadesorte,489,03/08/2021,True,06,08,17,18,22,24,27,08,22,24,17,18,27,06
diadesorte,490,05/08/2021,True,06,07,15,21,24,27,31,27,07,24,06,31,15,21
diadesorte,491,07/08/2021,True,02,03,07,12,23,26,30,26,03,30,07,23,12,02
diadesorte,492,10/08/2021,True,02,09,10,11,21,22,26,26,21,10,22,02,09,11
diadesorte,493,12/08/2021,True,06,07,11,12,19,23,30,11,06,30,19,23,07,12
diadesorte,494,14/08/2021,True,03,08,13,20,25,26,30,26,20,03,13,25,30,08
diadesorte,495,17/08/2021,False,04,05,11,15,19,22,30,11,15,30,22,04,05,19
diadesorte,496,19/08/2021,True,01,08,12,16,18,19,23,18,01,19,08,16,12,23
diadesorte,497,21/08/2021,True,07,08,11,18,19,27,31,08,31,18,27,07,11,19
diadesorte,498,24/08/2021,False,03,16,18,20,25,30,31,16,03,20,31,18,30,25
diadesorte,499,26/08/2021,True,08,09,11,12,14,20,21,11,14,12,08,20,21,09
diadesorte,500,28/08/2021,False,02,07,09,15,22,24,27,07,24,22,15,09,02,27
diadesorte,501,31/08/2021,True,03,13,18,20,23,24,30,20,03,23,18,30,24,13
diadesorte,502,02/09/2021,True,01,05,08,18,26,27,31,26,18,27,01,08,31,05
diadesorte,503,04/09/2021,True,02,03,05,09,15,22,29,29,09,02,22,15,03,05
diadesorte,504,09/09/2021,True,02,09,10,11,21,30,31,10,11,21,31,02,30,09
diadesorte,505,11/09/2021,True,02,03,07,08,12,14,29,07,14,02,29,08,12,03
diadesorte,506,14/09/2021,False,04,06,16,20,26,27,29,16,27,04,29,26,06,20
diadesorte,507,16/09/2021,True,07,08,14,15,16,17,23,16,23,17,14,15,08,07
diadesorte,508,18/09/2021,True,02,03,04,08,11,15,25,03,15,02,04,08,11,25
diadesorte,509,21/09/2021,True,01,03,05,06,15,20,23,03,05,06,20,23,15,01
diadesorte,510,23/09/2021,True,05,06,16,17,21,27,31,17,16,05,06,27,21,31
diadesorte,511,25/09/2021,False,07,08,09,17,19,28,29,17,08,09,29,28,19,07
diadesorte,512,28/09/2021,False,04,05,10,12,13,21,23,13,05,04,23,21,10,12
diadesorte,513,30/09/2021,True,06,07,15,24,27,29,31,31,06,07,29,24,15,27
diadesorte,514,02/10/2021,True,01,02,05,08,15,17,18,15,01,17,18,08,02,05
diadesorte,515,05/10/2021,True,05,07,14,15,18,20,24,05,07,15,14,20,24,18
diadesorte,516,07/10/2021,True,01,11,15,17,22,26,27,26,27,17,01,11,22,15
diadesorte,517,09/10/2021,True,10,11,21,22,27,29,30,10,27,11,21,22,29,30
diadesorte,518,14/10/2021,True,05,10,11,16,18,24,25,16,10,05,18,25,24,11
diadesorte,519,16/10/2021,False,08,09,12,13,16,19,24,08,19,24,13,16,12,09
diadesorte,520,19/10/2021,True,11,12,15,21,22,30,31,15,21,11,22,31,12,30
diadesorte,521,21/10/2021,False,09,13,16,17,22,24,27,17,16,09,22,24,13,27
diadesorte,522,23/10/2021,True,01,06,07,09,13,16,22,22,09,16,13,07,06,01
diadesorte,523,26/10/2021,True,03,05,10,15,17,19,23,10,23,05,03,19,17,15
diadesorte,524,28/10/2021,False,04,07,14,17,19,21,29,19,07,29,17,21,04,14
diadesorte,525,30/10/2021,True,12,16,17,20,21,22,29,21,17,16,20,29,12,22
diadesorte,526,04/11/2021,False,05,08,13,26,27,30,31,05,31,08,26,13,27,30
diadesorte,527,06/11/2021,False,02,09,12,18,24,30,31,18,12,24,30,31,09,02
diadesorte,528,09/11/2021,True,04,05,09,13,17,18,31,31,09,05,18,04,17,13
diadesorte,529,11/11/2021,False,08,10,13,16,24,27,29,13,27,16,10,08,24,29
diadesorte,530,13/11/2021,True,03,11,13,23,26,27,30,03,13,11,23,30,27,26
diadesorte,531,16/11/2021,True,04,11,15,18,23,26,31,31,11,15,23,04,26,18
diadesorte,532,18/11/2021,True,03,05,08,16,19,23,30,30,03,16,08,23,19,05
diadesorte,533,20/11/2021,True,02,03,04,09,13,20,25,02,03,09,20,04,25,13
diadesorte,534,23/11/2021,False,10,11,14,19,28,30,31,31,14,19,11,30,10,28
diadesorte,535,25/11/2021,True,02,04,10,11,14,28,30,10,14,02,04,11,30,28
diadesorte,536,27/11/2021,True,03,05,08,10,12,22,27,05,10,12,03,22,08,27
diadesorte,537,30/11/2021,True,08,11,13,19,22,24,28,19,11,08,22,24,28,13
diadesorte,538,02/12/2021,True,08,12,18,19,28,29,31,08,29,31,28,12,19,18
diadesorte,539,04/12/2021,True,07,12,14,16,23,26,27,27,12,07,23,16,14,26
diadesorte,540,07/12/2021,True,07,09,10,13,18,21,25,09,25,18,21,07,13,10
diadesorte,541,09/12/2021,False,01,04,06,08,13,17,31,31,06,17,01,08,13,04
diadesorte,542,11/12/2021,True,03,06,10,13,15,17,29,29,13,10,17,06,15,03
diadesorte,543,14/12/2021,True,03,04,06,10,18,20,26,26,06,20,04,03,10,18
diadesorte,544,16/12/2021,True,02,08,09,11,17,24,28,24,11,09,17,28,02,08
diadesorte,545,18/12/2021,True,01,06,12,19,21,22,26,21,19,12,06,26,01,22
diadesorte,546,21/12/2021,False,06,08,17,19,20,21,29,19,29,17,20,08,06,21
diadesorte,547,23/12/2021,True,02,04,17,18,19,25,31,25,04,02,17,19,18,31
diadesorte,548,28/12/2021,True,01,07,11,19,21,29,30,30,11,01,19,07,29,21
diadesorte,549,30/12/2021,True,04,06,08,14,16,23,24,23,16,04,06,14,24,08
diadesorte,550,04/01/2022,True,05,08,16,18,23,27,28,27,08,16,28,18,05,23
diadesorte,551,06/01/2022,True,01,04,06,08,12,24,30,01,24,06,12,08,04,30
diadesorte,552,08/01/2022,False,06,13,14,21,23,27,29,14,29,21,23,06,13,27
diadesorte,553,11/01/2022,False,06,08,14,19,23,26,30,08,26,30,23,19,14,06
diadesorte,554,13/01/2022,True,05,09,17,19,20,26,30,19,05,09,30,20,26,17
diadesorte,555,15/01/2022,True,04,12,15,17,22,24,25,04,24,15,12,25,22,17
diadesorte,556,18/01/2022,True,03,06,09,17,19,25,28,03,28,25,09,17,19,06
diadesorte,557,20/01/2022,True,01,07,10,12,20,23,26,23,26,20,07,01,12,10
diadesorte,558,22/01/2022,True,03,05,11,17,21,26,27,21,27,26,03,05,17,11
diadesorte,559,25/01/2022,True,09,11,17,18,22,25,30,25,22,09,18,30,11,17
diadesorte,560,27/01/2022,True,12,14,17,19,27,29,30,14,29,12,17,27,19,30
diadesorte,561,29/01/2022,True,01,04,16,18,19,21,30,21,30,04,19,16,01,18
diadesorte,562,01/02/2022,False,02,07,09,14,19,26,29,14,02,26,09,29,07,19
diadesorte,563,03/02/2022,True,05,10,11,18,27,28,30,18,27,11,05,30,10,28
diadesorte,564,05/02/2022,True,02,04,11,20,22,24,31,31,04,11,22,02,24,20
diadesorte,565,08/02/2022,True,01,02,11,13,19,21,24,02,24,01,11,19,13,21
diadesorte,566,10/02/2022,False,02,07,13,15,18,19,25,07,02,19,13,18,15,25
diadesorte,567,12/02/2022,True,08,12,19,21,23,25,28,08,23,12,21,28,25,19
diadesorte,568,15/02/2022,True,01,07,12,14,20,29,31,29,01,31,20,14,07,12
diadesorte,569,17/02/2022,True,01,02,04,09,17,21,31,21,04,09,02,01,31,17
diadesorte,570,19/02/2022,True,09,18,20,21,23,24,29,24,29,23,18,09,21,20
diadesorte,571,22/02/2022,False,09,13,16,18,23,26,31,31,13,16,09,18,26,23
diadesorte,572,24/02/2022,False,03,07,10,12,14,27,30,07,10,30,14,12,03,27
diadesorte,573,26/02/2022,True,06,13,22,24,26,29,30,26,06,29,22,30,24,13
diadesorte,574,03/03/2022,True,11,14,22,23,24,26,29,29,22,26,14,24,23,11
diadesorte,575,05/03/2022,False,03,04,06,10,12,14,23,12,23,10,06,04,14,03
diadesorte,576,08/03/2022,True,02,03,06,08,16,25,26,06,26,02,03,16,08,25
diadesorte,577,10/03/2022,True,04,07,10,14,25,29,30,29,07,04,25,14,30,10
diadesorte,578,12/03/2022,True,11,13,17,20,21,23,25,20,25,11,17,21,13,23
diadesorte,579,15/03/2022,True,01,04,06,08,17,22,25,22,01,25,08,06,04,17
diadesorte,580,17/03/2022,True,09,13,18,19,21,22,25,25,21,19,18,22,09,13
diadesorte,581,19/03/2022,False,02,08,09,11,16,25,29,11,16,09,08,02,25,29
diadesorte,582,22/03/2022,True,09,10,17,20,21,22,26,09,17,21,20,26,22,10
diadesorte,583,24/03/2022,False,03,06,10,15,21,25,29,06,03,29,25,15,10,21
diadesorte,584,26/03/2022,True,03,10,22,24,26,30,31,10,22,30,26,24,03,31
diadesorte,585,29/03/2022,True,01,02,07,12,14,17,29,29,17,14,07,01,12,02
diadesorte,586,31/03/2022,True,01,09,11,22,25,28,31,25,01,28,09,11,22,31
diadesorte,587,02/04/2022,True,06,10,11,13,19,21,29,21,11,10,06,29,19,13
diadesorte,588,05/04/2022,True,04,08,09,14,16,19,24,14,04,19,16,09,24,08
diadesorte,589,07/04/2022,True,02,12,16,17,18,22,23,16,18,17,12,22,02,23
diadesorte,590,09/04/2022,False,01,05,08,18,19,27,28,28,18,05,01,08,27,19
diadesorte,591,12/04/2022,True,02,17,19,20,23,25,27,17,19,27,02,20,25,23
diadesorte,592,14/04/2022,True,04,09,10,12,19,22,26,26,19,22,12,10,09,04
diadesorte,593,16/04/2022,True,02,09,10,13,18,20,29,20,13,02,18,29,10,09
diadesorte,594,19/04/2022,True,06,15,16,17,18,27,31,15,18,31,16,27,17,06
diadesorte,595,23/04/2022,True,04,08,09,19,22,25,31,09,22,08,19,31,25,04
diadesorte,596,26/04/2022,True,02,05,09,14,25,26,28,02,09,14,28,25,26,05
diadesorte,597,28/04/2022,False,06,07,10,13,22,24,29,10,06,24,13,22,29,07
diadesorte,598,30/04/2022,True,07,09,13,15,20,24,25,20,09,07,25,15,13,24
diadesorte,599,03/05/2022,True,02,03,06,07,17,26,29,26,17,02,06,07,03,29
diadesorte,600,05/05/2022,True,02,04,09,11,18,24,28,09,11,28,18,24,02,04
diadesorte,601,07/05/2022,True,09,10,11,12,18,19,25,25,12,11,18,09,10,19
diadesorte,602,10/05/2022,True,01,06,08,11,15,19,30,15,11,08,30,19,06,01
diadesorte,603,12/05/2022,True,02,21,22,26,27,28,31,27,21,02,22,28,26,31
diadesorte,604,14/05/2022,False,06,07,12,18,20,24,28,18,07,24,20,28,06,12
diadesorte,605,17/05/2022,True,09,10,20,23,27,29,31,23,10,31,09,27,20,29
diadesorte,606,19/05/2022,True,03,07,13,14,16,17,31,31,13,17,07,16,03,14
diadesorte,607,21/05/2022,True,09,10,11,17,21,23,26,21,11,23,10,17,26,09
diadesorte,608,24/05/2022,True,07,08,12,22,26,27,31,27,07,31,26,12,22,08
diadesorte,609,26/05/2022,True,02,04,09,11,19,30,31,09,02,30,19,11,31,04
diadesorte,610,28/05/2022,True,02,04,08,16,18,21,29,04,18,08,21,16,29,02
diadesorte,611,31/05/2022,True,02,03,10,18,23,29,30,23,30,03,10,18,29,02
diadesorte,612,02/06/2022,True,04,06,10,16,21,25,29,06,04,29,16,21,10,25
diadesorte,613,04/06/2022,False,05,10,16,22,26,27,28,10,22,05,16,26,28,27
diadesorte,614,07/06/2022,True,01,03,07,09,16,24,26,24,26,07,16,03,09,01
diadesorte,615,09/06/2022,False,03,06,11,14,17,28,29,03,28,11,17,14,29,06
diadesorte,616,11/06/2022,True,06,12,15,26,27,28,31,06,28,12,31,26,15,27
diadesorte,617,14/06/2022,True,01,06,08,13,15,21,25,13,01,25,15,21,08,06
diadesorte,618,18/06/2022,False,03,05,13,15,17,18,24,18,05,24,15,03,17,13
diadesorte,619,21/06/2022,True,02,05,11,13,19,25,27,27,11,02,13,19,05,25
diadesorte,620,23/06/2022,True,01,04,15,18,22,23,30,23,18,15,04,30,22,01
diadesorte,621,25/06/2022,True,02,08,12,15,16,19,23,08,23,12,02,15,19,16
diadesorte,622,28/06/2022,False,04,09,11,22,25,28,29,09,25,29,04,28,22,11
diadesorte,623,30/06/2022,True,06,10,15,17,20,27,30,17,30,15,20,06,27,10
diadesorte,624,02/07/2022,True,08,20,21,22,27,29,31,21,22,20,29,08,31,27
diadesorte,625,05/07/2022,True,02,06,10,12,19,30,31,12,02,10,06,19,31,30
diadesorte,626,07/07/2022,True,01,04,07,09,11,19,27,07,01,11,09,19,04,27
diadesorte,627,09/07/2022,True,07,11,14,17,18,21,22,17,14,11,22,21,18,07
diadesorte,628,12/07/2022,False,05,08,10,16,20,24,31,31,10,05,20,24,16,08
diadesorte,629,14/07/2022,True,07,09,10,21,24,25,28,25,24,10,28,07,09,21
diadesorte,630,16/07/2022,True,03,08,11,15,19,20,30,19,15,20,11,03,08,30
diadesorte,631,19/07/2022,True,06,11,14,18,19,22,29,06,22,11,29,18,14,19
diadesorte,632,21/07/2022,True,06,10,11,12,14,18,24,12,10,06,11,14,24,18
diadesorte,633,23/07/2022,False,03,05,09,11,13,20,25,05,09,25,11,03,20,13
diadesorte,634,26/07/2022,True,03,04,08,16,21,30,31,08,16,03,31,30,04,21
diadesorte,635,28/07/2022,True,02,08,11,13,15,16,17,17,02,11,16,15,08,13
diadesorte,636,30/07/2022,False,02,04,07,14,21,27,28,28,02,07,14,27,04,21
diadesorte,637,02/08/2022,True,03,04,11,14,22,25,31,04,25,14,22,11,31,03
diadesorte,638,04/08/2022,False,02,03,14,15,19,21,26,26,15,03,19,14,21,02
diadesorte,639,06/08/2022,True,03,08,12,15,24,25,31,03,15,08,31,25,12,24
diadesorte,640,09/08/2022,True,03,05,09,13,19,29,30,05,19,29,30,13,03,09
diadesorte,641,11/08/2022,True,03,07,09,12,15,25,30,09,12,15,25,07,30,03
diadesorte,642,13/08/2022,True,08,10,11,13,14,24,29,14,10,11,24,29,13,08
diadesorte,643,16/08/2022,True,02,06,07,10,14,16,26,16,14,02,10,26,06,07
diadesorte,644,18/08/2022,False,07,08,17,19,20,22,26,22,20,19,08,07,17,26
diadesorte,645,20/08/2022,False,05,07,11,19,24,29,31,11,31,29,19,05,24,07
diadesorte,646,23/08/2022,True,01,04,05,13,15,22,24,13,01,05,04,15,24,22
diadesorte,647,25/08/2022,True,01,06,12,13,27,29,31,29,01,12,31,06,13,27
diadesorte,648,27/08/2022,False,03,06,09,23,25,28,30,09,23,03,30,06,25,28
diadesorte,649,30/08/2022,True,04,05,08,14,18,19,30,05,08,30,18,14,04,19
diadesorte,650,01/09/2022,True,01,04,06,11,14,20,25,20,01,06,14,25,11,04
diadesorte,651,03/09/2022,False,04,06,11,12,19,22,30,12,22,19,11,30,04,06
diadesorte,652,06/09/2022,True,08,09,14,19,24,26,30,19,08,09,24,30,26,14
diadesorte,653,08/09/2022,True,01,03,12,15,22,24,30,24,15,22,12,03,30,01
diadesorte,654,10/09/2022,True,06,07,08,11,12,14,27,12,06,08,07,11,27,14
diadesorte,655,13/09/2022,True,04,08,12,20,26,27,31,26,20,08,27,04,31,12
diadesorte,656,15/09/2022,True,02,08,09,13,19,25,27,02,08,25,27,19,13,09
diadesorte,657,17/09/2022,False,06,07,16,19,25,28,30,06,28,30,07,16,25,19
diadesorte,658,20/09/2022,True,09,16,17,23,26,28,31,23,26,28,31,17,09,16
diadesorte,659,22/09/2022,True,04,05,07,12,20,24,31,04,05,12,20,07,31,24
diadesorte,660,24/09/2022,True,07,08,09,11,17,23,28,11,28,08,09,07,23,17
diadesorte,661,27/09/2022,False,02,05,09,14,23,26,29,02,23,09,26,05,29,14
diadesorte,662,29/09/2022,False,01,05,13,15,23,26,28,23,15,05,26,01,28,13
diadesorte,663,01/10/2022,True,01,02,03,15,20,30,31,01,02,20,30,15,03,31
diadesorte,664,04/10/2022,True,03,04,10,16,24,25,27,24,16,04,27,10,03,25
diadesorte,665,06/10/2022,True,08,10,12,14,15,16,31,12,31,08,14,16,10,15
diadesorte,666,08/10/2022,False,05,06,08,24,27,28,29,29,08,05,27,24,06,28
diadesorte,667,11/10/2022,True,04,11,12,20,24,28,29,11,12,20,24,29,04,28
diadesorte,668,13/10/2022,True,01,05,07,11,17,24,31,31,24,17,07,01,11,05
diadesorte,669,15/10/2022,False,01,04,11,14,15,22,24,15,01,04,22,11,24,14
diadesorte,670,18/10/2022,True,10,12,15,17,19,28,30,28,19,15,17,30,10,12
diadesorte,671,20/10/2022,True,05,15,16,26,29,30,31,05,29,26,31,16,30,15
diadesorte,672,22/10/2022,False,02,03,07,08,18,29,30,30,29,07,03,02,08,18
diadesorte,673,25/10/2022,False,07,16,20,22,28,29,31,07,22,29,20,31,16,28
diadesorte,674,27/10/2022,True,06,12,13,19,28,30,31,28,19,12,06,30,31,13
diadesorte,675,29/10/2022,False,04,07,08,10,17,20,26,07,08,26,20,10,17,04
diadesorte,676,01/11/2022,True,06,08,15,23,26,27,31,06,27,15,26,23,31,08
diadesorte,677,03/11/2022,True,03,08,09,24,28,29,31,03,08,29,31,09,28,24
diadesorte,678,05/11/2022,False,04,05,13,20,21,26,30,13,30,26,05,20,21,04
diadesorte,679,08/11/2022,True,01,03,15,16,17,20,31,03,16,15,20,01,31,17
diadesorte,680,10/11/2022,False,04,05,14,16,20,24,28,14,28,04,16,20,05,24
diadesorte,681,12/11/2022,True,01,11,12,13,18,27,31,01,27,18,11,13,12,31
diadesorte,682,17/11/2022,True,15,16,19,20,26,29,30,16,26,15,29,19,20,30
diadesorte,683,19/11/2022,False,02,06,10,14,17,23,27,02,10,06,23,17,14,27
diadesorte,684,22/11/2022,True,02,03,12,14,15,22,23,03,02,14,12,23,15,22
diadesorte,685,24/11/2022,False,04,08,18,21,24,26,30,24,21,18,30,26,08,04
diadesorte,686,26/11/2022,True,04,13,16,18,19,24,25,19,24,25,16,13,18,04
diadesorte,687,29/11/2022,True,03,06,07,13,15,18,31,07,18,03,31,06,13,15
diadesorte,688,01/12/2022,False,02,06,22,25,29,30,31,31,29,22,30,06,25,02
diadesorte,689,03/12/2022,True,06,07,10,12,23,25,31,12,10,25,06,31,23,07
diadesorte,690,06/12/2022,False,02,09,12,15,27,29,31,09,12,31,15,29,27,02
diadesorte,691,08/12/2022,True,03,05,10,13,14,20,29,14,20,13,05,03,29,10
diadesorte,692,10/12/2022,True,08,09,11,12,23,25,28,28,08,09,25,11,23,12
diadesorte,693,13/12/2022,True,02,04,07,16,29,30,31,30,02,04,07,16,31,29
diadesorte,694,15/12/2022,True,06,07,12,23,26,28,31,07,26,06,12,23,31,28
diadesorte,695,17/12/2022,True,02,06,10,17,21,22,26,26,22,06,10,17,21,02
diadesorte,696,20/12/2022,True,01,05,09,19,20,24,29,01,20,24,29,05,19,09
diadesorte,697,22/12/2022,True,06,16,18,20,25,29,31,16,31,06,18,20,29,25
diadesorte,698,24/12/2022,True,04,11,14,17,18,19,31,31,19,18,14,04,17,11
diadesorte,699,27/12/2022,True,02,06,07,09,20,26,29,26,09,07,06,20,02,29
diadesorte,700,29/12/2022,False,06,08,10,11,18,20,22,22,11,08,06,18,20,10
diadesorte,701,31/12/2022,True,01,02,04,07,13,23,26,26,07,01,13,23,02,04
diadesorte,702,03/01/2023,True,04,07,14,18,20,25,26,14,26,18,07,20,04,25
diadesorte,703,05/01/2023,True,01,04,07,11,16,20,24,24,20,16,04,07,11,01
diadesorte,704,07/01/2023,True,02,04,12,13,16,21,29,16,04,21,12,13,02,29
diadesorte,705,10/01/2023,True,05,07,09,12,13,22,23,23,22,13,05,07,09,12
diadesorte,706,12/01/2023,True,17,19,20,24,27,28,31,28,24,27,17,19,31,20
diadesorte,707,14/01/2023,True,01,15,19,22,23,30,31,15,22,31,19,30,23,01
diadesorte,708,17/01/2023,False,03,15,17,18,20,29,31,31,18,29,03,17,20,15
diadesorte,709,19/01/2023,True,01,04,07,09,20,25,31,01,31,09,20,07,04,25
diadesorte,710,21/01/2023,False,01,04,17,18,22,24,31,01,18,22,04,31,24,17
diadesorte,711,24/01/2023,True,05,06,11,17,21,26,27,17,27,21,06,26,05,11
diadesorte,712,26/01/2023,True,02,03,10,11,15,20,27,20,15,11,02,10,27,03
diadesorte,713,28/01/2023,True,02,04,06,08,12,13,22,12,02,13,04,22,08,06
diadesorte,714,31/01/2023,True,13,15,19,23,26,27,28,26,23,28,27,15,13,19
diadesorte,715,02/02/2023,True,01,08,17,18,22,27,31,01,18,31,17,08,22,27
diadesorte,716,04/02/2023,True,02,04,06,09,17,19,30,02,17,09,19,04,30,06
diadesorte,717,07/02/2023,True,06,08,19,20,21,23,24,24,21,06,08,19,20,23
diadesorte,718,09/02/2023,False,11,13,15,18,20,21,22,21,18,15,13,20,11,22
diadesorte,719,11/02/2023,True,01,08,10,17,26,29,31,10,17,08,26,29,31,01
diadesorte,720,14/02/2023,True,03,08,10,17,22,23,31,23,17,10,03,08,22,31
diadesorte,721,16/02/2023,True,03,05,07,14,21,24,29,05,14,07,24,03,29,21
diadesorte,722,18/02/2023,False,09,13,16,22,23,27,31,31,16,27,09,13,23,22
diadesorte,723,23/02/2023,True,02,16,20,22,27,28,31,31,22,02,16,27,28,20
diadesorte,724,25/02/2023,True,08,10,13,17,23,25,27,17,08,27,10,13,23,25
diadesorte,725,28/02/2023,True,07,13,16,17,20,28,30,16,07,20,17,30,28,13
diadesorte,726,02/03/2023,False,07,14,20,21,23,27,30,30,23,27,07,20,14,21
diadesorte,727,04/03/2023,True,03,07,11,20,22,23,24,20,11,03,23,07,22,24
diadesorte,728,07/03/2023,False,02,12,17,21,26,27,28,28,02,21,27,17,12,26
diadesorte,729,09/03/2023,True,07,09,17,21,29,30,31,21,17,29,31,07,09,30
diadesorte,730,11/03/2023,False,02,05,06,12,14,16,28,12,28,06,14,16,02,05
diadesorte,731,14/03/2023,True,02,07,08,11,13,21,25,08,11,13,21,07,02,25
diadesorte,732,16/03/2023,True,03,07,10,17,23,26,30,17,10,26,30,23,07,03
diadesorte,733,18/03/2023,False,04,12,15,16,22,25,27,16,12,15,27,25,04,22
diadesorte,734,21/03/2023,True,07,09,11,19,21,24,30,11,07,24,21,19,09,30
diadesorte,735,23/03/2023,True,03,05,06,08,12,18,31,06,18,03,12,05,08,31
diadesorte,736,25/03/2023,False,05,10,11,12,18,23,29,29,23,05,10,11,18,12
diadesorte,737,28/03/2023,True,13,16,20,21,25,27,28,20,21,27,13,25,28,16
diadesorte,738,30/03/2023,False,03,06,10,19,21,27,30,30,27,03,21,06,19,10
diadesorte,739,01/04/2023,False,09,11,16,19,22,28,30,19,11,16,30,28,22,09
diadesorte,740,04/04/2023,True,06,12,13,17,18,28,31,18,13,28,31,17,12,06
diadesorte,741,06/04/2023,True,03,06,11,15,20,23,26,15,11,23,26,20,06,03
diadesorte,742,08/04/2023,False,03,05,11,13,17,22,29,17,03,13,29,11,22,05
diadesorte,743,11/04/2023,True,02,03,04,06,07,10,16,07,03,10,06,04,02,16
diadesorte,744,13/04/2023,True,03,05,20,22,23,25,31,25,20,31,22,23,03,05
diadesorte,745,15/04/2023,False,01,06,07,08,17,20,31,31,08,07,17,06,20,01
diadesorte,746,18/04/2023,False,10,12,14,17,19,20,30,20,12,14,30,10,17,19
diadesorte,747,20/04/2023,True,03,05,08,10,21,22,24,10,21,24,05,08,22,03
diadesorte,748,22/04/2023,True,05,11,16,18,19,23,25,11,19,05,25,18,23,16
diadesorte,749,25/04/2023,True,08,10,11,26,27,29,31,26,29,08,27,10,11,31
diadesorte,750,27/04/2023,True,04,10,12,15,16,17,30,30,10,12,16,15,17,04
diadesorte,751,29/04/2023,True,04,05,09,13,23,29,31,29,13,09,04,23,05,31
diadesorte,752,02/05/2023,False,04,05,11,14,16,17,21,16,04,17,11,14,05,21
diadesorte,753,04/05/2023,True,05,06,09,10,18,28,31,09,10,18,28,31,06,05
diadesorte,754,06/05/2023,True,13,19,23,24,26,27,30,23,13,24,27,26,19,30
diadesorte,755,09/05/2023,True,03,04,10,12,17,20,22,10,17,04,22,12,20,03
diadesorte,756,11/05/2023,False,04,08,12,17,19,26,31,31,17,12,08,04,26,19
diadesorte,757,13/05/2023,True,06,07,14,17,18,28,31,17,07,06,14,28,31,18
diadesorte,758,16/05/2023,True,02,03,07,20,22,26,31,31,03,20,02,22,26,07
diadesorte,759,18/05/2023,True,09,11,12,18,23,25,30,18,30,11,12,23,25,09
diadesorte,760,20/05/2023,True,01,08,09,16,17,28,31,09,17,28,31,01,16,08
diadesorte,761,23/05/2023,True,06,09,10,17,22,25,31,06,09,17,31,25,22,10
diadesorte,762,25/05/2023,True,04,11,13,17,22,30,31,04,13,30,11,17,22,31
diadesorte,763,27/05/2023,False,04,05,07,12,18,23,25,25,23,05,04,07,12,18
diadesorte,764,30/05/2023,True,07,09,17,19,23,24,30,23,24,19,30,17,09,07
diadesorte,765,01/06/2023,True,05,15,22,23,28,29,31,28,05,22,23,29,15,31
diadesorte,766,03/06/2023,False,10,11,16,17,18,21,31,10,21,11,18,16,17,31
diadesorte,767,06/06/2023,True,04,10,11,16,22,24,29,22,10,29,24,16,11,04
diadesorte,768,09/06/2023,True,02,13,17,18,24,27,29,13,29,18,24,27,02,17
diadesorte,769,10/06/2023,False,02,04,06,07,13,14,29,13,29,04,07,14,06,02
diadesorte,770,13/06/2023,True,08,12,15,27,28,29,30,28,08,29,27,12,30,15
diadesorte,771,15/06/2023,True,06,13,19,20,26,27,28,26,27,20,13,28,19,06
diadesorte,772,17/06/2023,True,02,07,09,10,17,26,27,27,07,10,26,17,02,09
diadesorte,773,20/06/2023,True,07,08,11,12,22,26,27,26,12,08,22,27,11,07
diadesorte,774,22/06/2023,True,04,06,16,18,19,27,30,16,19,18,27,30,04,06
diadesorte,775,24/06/2023,False,08,14,17,19,21,24,30,21,30,08,24,14,19,17
diadesorte,776,27/06/2023,True,11,13,16,17,18,20,31,20,11,16,17,18,31,13
diadesorte,777,29/06/2023,True,02,05,12,14,25,30,31,12,31,30,14,02,25,05
diadesorte,778,01/07/2023,True,02,06,09,10,11,16,30,06,30,10,16,02,11,09
diadesorte,779,04/07/2023,True,14,16,21,22,26,29,31,21,22,14,16,31,26,29
diadesorte,780,06/07/2023,False,03,08,11,15,19,27,29,15,03,11,19,27,08,29
diadesorte,781,08/07/2023,True,05,07,11,12,13,14,18,14,12,18,07,05,11,13
diadesorte,782,11/07/2023,False,04,05,08,09,11,21,25,05,04,21,08,11,25,09
diadesorte,783,13/07/2023,True,04,11,12,16,19,21,23,04,11,19,16,21,23,12
diadesorte,784,15/07/2023,True,02,04,11,12,14,17,20,04,20,14,12,02,17,11
diadesorte,785,18/07/2023,True,03,09,15,16,20,21,25,09,16,03,15,21,20,25
diadesorte,786,20/07/2023,True,01,06,08,13,14,17,21,08,14,01,06,21,13,17
diadesorte,787,22/07/2023,True,03,15,18,23,25,29,30,23,25,29,15,18,03,30
diadesorte,788,25/07/2023,True,03,06,11,21,23,27,28,11,28,03,21,27,06,23
diadesorte,789,27/07/2023,True,01,03,04,11,15,19,28,11,01,03,28,19,04,15
diadesorte,790,29/07/2023,True,01,02,07,13,18,21,24,13,18,02,24,01,07,21
diadesorte,791,01/08/2023,True,01,03,10,12,17,23,24,24,17,01,03,10,23,12
diadesorte,792,03/08/2023,False,05,06,11,13,17,19,23,11,06,13,19,23,05,17
diadesorte,793,05/08/2023,True,02,04,05,20,22,29,30,04,22,05,02,20,30,29
diadesorte,794,08/08/2023,False,07,12,14,15,21,25,29,21,14,07,29,25,12,15
diadesorte,795,10/08/2023,True,14,15,17,18,19,24,28,14,19,28,17,24,15,18
diadesorte,796,12/08/2023,True,01,05,09,17,20,21,31,21,17,01,09,05,31,20
diadesorte,797,15/08/2023,True,01,07,09,13,18,27,31,31,13,01,09,27,18,07
diadesorte,798,17/08/2023,True,01,06,18,21,24,25,30,06,24,18,01,25,21,30
diadesorte,799,19/08/2023,False,10,11,13,20,22,25,26,13,26,11,20,10,22,25
diadesorte,800,22/08/2023,True,06,08,10,11,15,21,28,11,15,08,06,10,21,28
diadesorte,801,24/08/2023,True,01,09,14,18,23,24,31,01,31,14,18,23,09,24
diadesorte,802,26/08/2023,True,01,07,09,10,14,25,30,01,10,25,09,07,30,14
diadesorte,803,29/08/2023,True,04,06,19,22,23,24,26,06,22,19,23,26,24,04
diadesorte,804,31/08/2023,True,01,09,13,25,26,27,29,25,13,09,26,01,27,29
diadesorte,805,02/09/2023,True,07,11,17,19,25,27,28,11,17,27,25,07,19,28
diadesorte,806,05/09/2023,True,02,10,11,13,16,19,27,02,13,10,16,11,27,19
diadesorte,807,08/09/2023,True,01,02,08,09,14,16,29,02,08,29,01,09,16,14
diadesorte,808,09/09/2023,True,05,06,07,08,09,12,18,08,07,18,12,06,05,09
diadesorte,809,12/09/2023,True,05,13,14,20,21,29,30,13,29,14,21,05,30,20
diadesorte,810,14/09/2023,True,02,05,07,15,21,27,29,27,15,21,07,02,05,29
diadesorte,811,16/09/2023,True,04,05,16,17,19,25,26,17,04,16,26,25,05,19
diadesorte,812,19/09/2023,True,12,16,17,18,19,25,27,17,12,18,16,25,19,27
diadesorte,813,21/09/2023,True,04,08,09,11,13,15,22,04,09,13,11,15,22,08
diadesorte,814,23/09/2023,True,02,03,04,06,08,25,29,29,03,06,02,25,04,08
diadesorte,815,26/09/2023,False,01,03,05,08,24,25,26,01,25,26,03,05,08,24
diadesorte,816,28/09/2023,True,08,11,14,16,18,21,23,16,21,08,23,14,18,11
diadesorte,817,30/09/2023,True,03,17,23,24,25,27,29,29,27,24,23,03,17,25
diadesorte,818,03/10/2023,False,01,04,05,07,21,22,27,27,01,04,07,05,21,22
diadesorte,819,05/10/2023,False,02,04,06,19,24,27,28,02,19,24,04,06,27,28
diadesorte,820,07/10/2023,False,06,07,08,15,16,17,31,06,15,08,16,31,07,17
diadesorte,821,10/10/2023,True,03,04,12,20,23,29,31,29,20,03,23,12,31,04
diadesorte,822,13/10/2023,True,02,03,17,18,22,23,28,02,28,17,18,03,22,23
diadesorte,823,14/10/2023,True,02,04,19,20,23,24,28,23,04,19,02,20,24,28
diadesorte,824,17/10/2023,False,08,10,11,21,25,28,29,29,25,10,21,08,11,28
diadesorte,825,19/10/2023,True,04,09,10,18,19,26,31,26,18,10,31,04,09,19
diadesorte,826,21/10/2023,True,05,08,15,16,17,24,29,15,16,08,24,29,17,05
diadesorte,827,24/10/2023,False,08,09,18,19,25,26,27,09,19,08,18,27,25,26
diadesorte,828,26/10/2023,True,01,02,08,11,12,17,21,02,12,17,21,01,11,08
diadesorte,829,28/10/2023,True,03,14,16,18,24,26,29,24,18,26,29,16,03,14
diadesorte,830,31/10/2023,True,07,08,11,15,21,25,29,11,08,07,29,15,25,21
diadesorte,831,03/11/2023,True,02,07,17,20,23,25,26,02,23,26,17,07,25,20
diadesorte,832,04/11/2023,True,05,11,13,15,19,20,22,15,20,19,11,13,22,05
diadesorte,833,07/11/2023,True,09,10,13,16,20,23,30,13,30,16,09,10,23,20
diadesorte,834,09/11/2023,True,01,03,10,13,15,18,27,18,15,10,27,01,03,13
diadesorte,835,11/11/2023,True,01,02,06,10,21,24,29,24,01,10,06,21,29,02
diadesorte,836,14/11/2023,True,09,11,13,15,18,20,24,09,11,20,18,13,15,24
diadesorte,837,16/11/2023,True,01,05,06,13,20,24,30,01,30,13,06,20,05,24
diadesorte,838,18/11/2023,True,04,18,19,21,24,27,31,21,04,24,27,19,31,18
diadesorte,839,21/11/2023,True,01,02,08,10,13,20,26,26,10,13,01,20,02,08
diadesorte,840,23/11/2023,False,02,05,06,13,18,24,25,13,02,06,05,24,18,25
diadesorte,841,25/11/2023,True,01,03,04,06,14,16,26,06,26,01,04,03,14,16
diadesorte,842,28/11/2023,True,04,10,17,18,21,27,31,17,18,04,27,21,10,31
diadesorte,843,30/11/2023,True,03,04,06,17,18,19,20,06,20,17,03,04,18,19
diadesorte,844,02/12/2023,True,06,13,16,19,20,21,31,16,31,21,19,20,13,06
diadesorte,845,05/12/2023,True,10,11,12,16,17,20,26,11,17,26,20,16,10,12
diadesorte,846,07/12/2023,True,07,18,20,21,25,26,29,18,21,07,20,26,25,29
diadesorte,847,09/12/2023,True,05,18,20,24,26,27,31,05,18,24,27,20,31,26
diadesorte,848,12/12/2023,True,03,07,14,19,21,22,29,14,07,21,19,03,29,22
diadesorte,849,14/12/2023,True,03,07,12,14,17,21,27,12,27,14,03,21,17,07
diadesorte,850,16/12/2023,True,09,18,20,25,26,30,31,31,25,26,20,18,30,09
diadesorte,851,19/12/2023,True,04,12,14,15,23,24,25,24,15,25,23,12,04,14
diadesorte,852,21/12/2023,True,02,07,09,10,13,15,22,10,15,02,09,22,13,07
diadesorte,853,23/12/2023,False,01,02,10,16,24,25,27,02,27,25,24,10,16,01
diadesorte,854,26/12/2023,False,07,14,16,17,18,23,24,17,07,18,24,14,16,23
diadesorte,855,28/12/2023,True,06,07,15,20,22,26,30,07,20,30,15,06,22,26
diadesorte,856,30/12/2023,True,01,05,08,22,24,28,29,08,01,28,24,29,22,05
diadesorte,857,02/01/2024,True,05,08,10,12,18,29,30,18,30,05,29,08,12,10
diadesorte,858,04/01/2024,True,01,14,23,25,26,27,28,28,25,26,14,23,27,01
diadesorte,859,06/01/2024,False,03,05,06,11,18,22,31,11,22,05,31,18,03,06
diadesorte,860,09/01/2024,True,05,06,14,15,27,28,30,05,30,28,14,06,27,15
diadesorte,861,11/01/2024,True,08,11,15,16,20,25,30,25,11,16,15,20,08,30
diadesorte,862,13/01/2024,False,03,05,08,12,20,23,27,05,03,27,20,23,12,08
diadesorte,863,16/01/2024,True,01,02,09,17,19,20,22,19,17,02,01,20,09,22
diadesorte,864,18/01/2024,True,02,08,09,12,22,23,28,23,22,08,02,09,28,12
diadesorte,865,20/01/2024,True,02,07,08,13,18,24,30,18,08,24,13,02,30,07
diadesorte,866,23/01/2024,True,05,08,10,14,21,24,31,14,05,31,10,21,08,24
diadesorte,867,25/01/2024,True,07,12,22,24,25,26,30,25,24,30,12,22,07,26
diadesorte,868,27/01/2024,True,02,05,09,11,12,20,23,12,23,20,09,05,11,02
diadesorte,869,30/01/2024,False,08,11,14,20,22,25,27,22,20,14,11,27,25,08
diadesorte,870,01/02/2024,True,01,04,10,17,24,25,29,01,25,10,29,17,24,04
diadesorte,871,03/02/2024,True,02,03,04,07,11,25,29,07,11,04,25,02,29,03
diadesorte,872,06/02/2024,True,06,08,17,18,24,26,30,17,08,06,30,26,24,18
diadesorte,873,08/02/2024,True,03,06,07,09,17,23,25,23,17,06,07,03,25,09
diadesorte,874,10/02/2024,True,09,11,16,18,23,27,28,27,23,16,11,28,18,09
diadesorte,875,15/02/2024,False,04,05,13,18,19,21,24,19,05,13,18,21,24,04
diadesorte,876,17/02/2024,True,04,06,12,19,24,25,29,06,25,24,12,19,04,29
diadesorte,877,20/02/2024,True,04,09,10,11,13,19,21,21,09,10,13,11,19,04
diadesorte,878,22/02/2024,True,01,05,09,10,22,24,25,01,22,24,09,05,10,25
diadesorte,879,24/02/2024,True,03,04,05,07,15,24,26,03,05,07,26,15,24,04
diadesorte,880,27/02/2024,True,01,02,05,06,09,23,29,06,29,01,05,09,23,02
diadesorte,881,29/02/2024,False,02,06,09,10,17,25,27,10,09,02,25,06,17,27
diadesorte,882,02/03/2024,False,07,08,11,14,27,30,31,31,08,11,14,27,30,07
diadesorte,883,05/03/2024,True,06,09,15,18,20,24,30,24,30,09,15,06,18,20
diadesorte,884,07/03/2024,True,05,10,14,18,24,26,29,18,05,24,10,29,26,14
diadesorte,885,09/03/2024,True,03,12,16,17,20,27,30,12,27,03,16,17,20,30
diadesorte,886,12/03/2024,True,01,06,08,11,15,18,22,08,15,11,22,18,06,01
diadesorte,887,14/03/2024,True,05,12,13,18,21,28,29,18,05,29,21,12,28,13
diadesorte,888,16/03/2024,False,08,14,17,18,21,22,27,21,14,17,18,27,22,08
diadesorte,889,19/03/2024,False,03,04,07,14,18,20,31,07,04,31,14,03,20,18
diadesorte,890,21/03/2024,True,07,09,15,19,25,27,30,19,07,09,25,30,15,27
diadesorte,891,23/03/2024,True,01,04,10,11,14,28,30,10,28,01,30,14,11,04
diadesorte,892,26/03/2024,True,06,07,14,15,20,21,27,20,06,21,27,14,07,15
diadesorte,893,28/03/2024,True,04,06,09,16,27,28,31,31,27,28,09,04,06,16
diadesorte,894,30/03/2024,True,07,09,11,16,18,19,21,16,09,11,19,18,07,21
diadesorte,895,02/04/2024,False,01,02,07,11,14,15,30,15,02,01,30,11,07,14
diadesorte,896,04/04/2024,True,02,07,10,11,24,25,28,28,02,10,24,11,25,07
diadesorte,897,06/04/2024,True,06,09,15,18,19,20,21,21,19,18,09,20,06,15
diadesorte,898,09/04/2024,True,02,04,07,08,11,21,22,04,02,11,08,07,22,21
diadesorte,899,11/04/2024,True,05,06,08,18,23,24,29,05,08,06,29,24,18,23
diadesorte,900,13/04/2024,True,06,09,10,13,14,16,22,10,09,14,22,16,13,06
diadesorte,901,16/04/2024,False,02,04,10,14,16,22,29,04,02,10,22,14,16,29
diadesorte,902,18/04/2024,True,03,11,13,14,18,21,27,18,11,14,27,13,03,21
diadesorte,903,20/04/2024,True,02,04,05,10,11,15,23,04,23,02,15,05,10,11
diadesorte,904,23/04/2024,True,02,04,05,11,16,25,27,27,16,25,02,05,04,11
diadesorte,905,25/04/2024,True,03,06,11,12,13,20,29,20,12,29,13,03,06,11
diadesorte,906,27/04/2024,True,02,10,12,13,22,29,31,12,13,29,10,02,22,31
diadesorte,907,30/04/2024,True,02,03,07,10,13,15,21,15,13,21,02,10,03,07
diadesorte,908,02/05/2024,True,10,13,14,17,18,20,31,10,17,14,20,31,13,18
diadesorte,909,04/05/2024,True,06,07,08,25,26,30,31,25,07,26,31,08,30,06
diadesorte,910,07/05/2024,False,01,07,15,17,26,27,28,01,26,17,15,27,28,07
diadesorte,911,09/05/2024,True,01,02,10,13,25,29,30,29,30,02,10,01,25,13
diadesorte,912,11/05/2024,False,04,10,11,14,15,20,31,15,11,20,14,04,31,10
diadesorte,913,14/05/2024,True,08,12,14,17,19,26,27,14,12,19,26,27,08,17
diadesorte,914,16/05/2024,False,01,03,09,14,22,23,29,01,23,22,03,09,29,14
diadesorte,915,18/05/2024,True,02,05,22,24,25,27,30,27,24,25,02,22,30,05
diadesorte,916,21/05/2024,False,02,04,06,14,17,25,28,25,04,02,28,14,17,06
diadesorte,917,23/05/2024,True,01,14,18,19,20,21,27,20,01,14,27,18,19,21
diadesorte,918,25/05/2024,True,02,10,12,13,15,25,29,25,29,12,13,15,10,02
diadesorte,919,28/05/2024,True,03,10,17,20,24,26,28,17,26,03,24,10,20,28
diadesorte,920,01/06/2024,True,11,13,20,21,23,24,27,20,27,13,11,23,21,24
diadesorte,921,04/06/2024,False,07,11,12,19,20,21,23,07,20,23,21,19,11,12
diadesorte,922,06/06/2024,True,07,08,13,17,26,27,28,28,27,08,17,07,26,13
diadesorte,923,08/06/2024,False,05,09,10,11,17,21,26,17,09,21,10,05,26,11
diadesorte,924,11/06/2024,True,03,10,11,12,19,28,31,11,28,12,03,31,10,19
diadesorte,925,13/06/2024,False,03,04,10,12,16,18,26,03,04,16,12,10,26,18
diadesorte,926,15/06/2024,False,07,08,18,19,23,24,27,27,19,08,23,07,18,24
diadesorte,927,18/06/2024,True,02,03,07,11,15,19,24,15,07,02,24,11,19,03
diadesorte,928,20/06/2024,True,01,13,15,23,24,28,29,01,24,29,23,13,28,15
diadesorte,929,22/06/2024,True,02,04,05,12,16,26,27,16,04,05,12,27,26,02
diadesorte,930,25/06/2024,True,01,05,10,18,22,24,29,18,29,01,22,05,24,10
diadesorte,931,27/06/2024,True,03,11,18,20,26,28,30,30,11,18,28,26,03,20
diadesorte,932,29/06/2024,False,01,06,13,20,23,25,27,27,23,13,25,01,20,06
diadesorte,933,02/07/2024,True,13,23,24,25,28,29,31,28,31,29,13,23,25,24
diadesorte,934,04/07/2024,True,01,04,16,18,23,28,30,23,30,04,16,01,28,18
diadesorte,935,06/07/2024,True,04,06,11,17,24,27,28,17,04,24,28,27,11,06
diadesorte,936,09/07/2024,True,18,20,23,24,25,26,31,25,20,24,18,26,31,23
diadesorte,937,11/07/2024,True,05,09,10,14,20,23,27,05,20,10,14,09,27,23
diadesorte,938,13/07/2024,True,04,08,19,20,21,24,29,08,19,21,24,04,20,29
diadesorte,939,16/07/2024,True,01,04,07,11,12,13,20,11,04,07,20,01,12,13
diadesorte,940,18/07/2024,True,01,05,06,10,15,19,23,15,01,23,06,05,10,19
diadesorte,941,20/07/2024,True,06,07,10,11,13,28,29,06,13,10,07,28,11,29
diadesorte,942,23/07/2024,True,03,04,08,09,15,20,23,04,15,08,23,03,09,20
diadesorte,943,25/07/2024,False,07,08,15,16,20,26,27,16,27,07,26,08,15,20
diadesorte,944,27/07/2024,False,04,09,10,28,29,30,31,04,10,29,09,31,28,30
diadesorte,945,30/07/2024,False,03,06,14,15,23,26,29,14,26,03,23,29,06,15
diadesorte,946,01/08/2024,True,04,05,09,14,25,27,28,25,27,04,14,28,05,09
diadesorte,947,03/08/2024,True,04,10,11,12,13,15,25,25,11,15,13,04,12,10
diadesorte,948,06/08/2024,True,05,10,20,22,23,30,31,31,22,10,23,20,30,05
diadesorte,949,08/08/2024,True,01,05,06,08,15,16,25,01,25,16,15,08,05,06
diadesorte,950,10/08/2024,True,05,08,11,19,25,30,31,11,05,19,31,25,30,08
diadesorte,951,13/08/2024,True,03,05,12,18,19,24,30,19,24,30,03,05,12,18
diadesorte,952,15/08/2024,True,01,08,10,16,20,22,27,20,10,22,08,01,27,16
diadesorte,953,17/08/2024,True,09,13,14,15,16,20,31,16,09,31,20,15,14,13
diadesorte,954,20/08/2024,True,03,09,10,14,19,24,29,03,14,10,19,09,29,24
diadesorte,955,22/08/2024,False,04,09,17,18,23,27,28,17,04,18,09,23,28,27
diadesorte,956,24/08/2024,True,06,10,13,15,16,21,29,16,15,29,13,10,06,21
diadesorte,957,27/08/2024,True,11,14,16,21,23,24,27,21,16,27,11,24,23,14
diadesorte,958,29/08/2024,True,07,09,11,13,15,16,26,15,13,26,16,11,07,09
diadesorte,959,31/08/2024,True,01,05,07,08,09,19,22,07,01,19,05,08,22,09
diadesorte,960,03/09/2024,False,01,05,13,19,20,22,30,19,05,22,13,20,01,30
diadesorte,961,05/09/2024,True,03,06,08,09,17,30,31,08,31,17,03,09,06,30
diadesorte,962,10/09/2024,True,05,13,16,17,26,28,29,17,05,26,29,28,16,13
diadesorte,963,12/09/2024,True,02,03,06,20,21,27,31,03,31,21,06,20,27,02
diadesorte,964,14/09/2024,True,02,07,11,17,19,28,31,28,11,17,19,31,07,02
diadesorte,965,17/09/2024,False,02,07,13,16,21,24,29,02,07,16,13,24,29,21
diadesorte,966,19/09/2024,True,04,08,09,14,17,18,25,14,04,09,18,08,25,17
diadesorte,967,21/09/2024,True,06,08,09,12,14,27,31,12,14,09,08,06,31,27
diadesorte,968,24/09/2024,True,04,09,14,18,23,26,28,28,26,04,18,14,23,09
diadesorte,969,26/09/2024,False,02,08,09,10,18,21,25,21,10,02,18,08,09,25
diadesorte,970,28/09/2024,True,07,10,12,15,19,20,25,12,20,19,25,07,15,10
diadesorte,971,01/10/2024,False,01,04,05,09,16,18,29,01,16,18,29,05,09,04
diadesorte,972,03/10/2024,True,04,06,17,19,27,30,31,06,17,30,27,31,19,04
diadesorte,973,05/10/2024,True,04,06,17,18,20,25,26,17,06,04,20,25,26,18
diadesorte,974,08/10/2024,True,02,03,07,08,09,11,20,20,11,03,02,07,08,09
diadesorte,975,10/10/2024,True,01,08,18,24,25,27,31,31,27,25,01,18,08,24
diadesorte,976,15/10/2024,True,01,09,11,14,16,22,25,14,11,01,16,25,09,22
diadesorte,977,17/10/2024,False,04,05,15,17,22,26,29,22,05,15,17,04,26,29
diadesorte,978,19/10/2024,True,01,02,04,12,17,27,28,27,01,17,28,02,12,04
diadesorte,979,22/10/2024,True,06,10,12,13,16,20,23,10,16,12,20,23,13,06
diadesorte,980,24/10/2024,True,08,13,20,21,25,26,31,21,13,31,08,26,25,20
diadesorte,981,26/10/2024,True,01,02,04,08,10,12,28,04,10,28,08,02,01,12
diadesorte,982,29/10/2024,False,04,05,13,16,23,25,28,25,05,23,13,28,04,16
diadesorte,983,31/10/2024,False,01,03,05,06,08,17,19,01,19,17,03,06,08,05
diadesorte,984,05/11/2024,True,11,14,15,20,22,25,26,25,20,22,26,15,11,14
diadesorte,985,07/11/2024,True,07,12,18,20,21,28,31,20,18,21,31,28,07,12
diadesorte,986,09/11/2024,True,01,03,05,14,20,24,26,01,03,14,26,20,05,24
diadesorte,987,12/11/2024,True,05,07,17,21,27,30,31,21,31,07,27,17,30,05
diadesorte,988,14/11/2024,False,06,13,14,23,25,28,30,13,14,06,30,28,23,25
diadesorte,989,16/11/2024,True,03,10,23,24,25,26,31,25,31,10,24,26,03,23
diadesorte,990,19/11/2024,True,02,06,11,14,16,23,26,23,06,14,16,26,02,11
diadesorte,991,21/11/2024,False,06,12,15,21,25,28,30,21,25,30,28,12,06,15
diadesorte,992,23/11/2024,True,02,07,10,24,27,28,29,29,28,10,27,07,24,02
diadesorte,993,26/11/2024,True,08,10,12,13,14,17,18,08,18,12,10,17,14,13
diadesorte,994,28/11/2024,False,01,06,07,13,19,26,29,19,29,13,06,07,01,26
diadesorte,995,30/11/2024,False,05,06,08,10,16,18,29,29,18,10,06,16,05,08
diadesorte,996,03/12/2024,True,01,05,06,07,12,17,25,17,05,01,07,06,25,12
diadesorte,997,05/12/2024,True,02,03,07,17,19,21,29,19,02,21,03,07,17,29
diadesorte,998,07/12/2024,True,02,06,10,11,21,26,30,30,21,02,11,26,10,06
diadesorte,999,10/12/2024,True,03,06,15,16,18,23,30,15,18,03,23,16,30,06
diadesorte,1000,12/12/2024,True,04,13,16,18,22,27,28,04,27,16,13,28,22,18
diadesorte,1001,14/12/2024,False,03,10,11,15,16,20,27,10,15,16,03,20,11,27
diadesorte,1002,17/12/2024,False,04,05,10,12,17,24,29,17,05,12,29,04,10,24
diadesorte,1003,19/12/2024,False,04,08,11,18,20,23,24,04,24,20,18,23,08,11
diadesorte,1004,21/12/2024,True,02,10,13,19,20,27,30,02,30,13,20,19,10,27
diadesorte,1005,24/12/2024,True,05,10,11,12,14,17,24,12,05,10,24,14,11,17
diadesorte,1006,26/12/2024,False,03,09,17,20,21,24,27,24,21,17,03,09,27,20
diadesorte,1007,28/12/2024,False,01,06,13,19,27,28,31,27,01,19,28,31,06,13
diadesorte,1008,31/12/2024,True,01,03,15,16,17,20,29,17,16,03,29,01,15,20
diadesorte,1009,02/01/2025,False,04,10,17,19,21,22,30,04,30,19,17,21,22,10
diadesorte,1010,04/01/2025,True,02,21,22,23,26,27,31,22,02,31,23,26,21,27
diadesorte,1011,07/01/2025,True,04,08,10,13,20,21,28,04,21,10,28,13,08,20
diadesorte,1012,09/01/2025,True,06,07,08,09,13,16,19,19,08,13,07,06,09,16
diadesorte,1013,11/01/2025,True,05,08,10,11,16,29,30,16,08,30,05,11,10,29
diadesorte,1014,14/01/2025,True,01,02,09,18,21,26,30,26,09,02,01,18,30,21
diadesorte,1015,16/01/2025,True,04,08,14,20,21,23,27,04,14,27,23,08,20,21
diadesorte,1016,18/01/2025,True,01,08,17,24,27,29,31,31,29,24,27,01,17,08
diadesorte,1017,21/01/2025,False,05,12,16,18,22,24,29,12,29,05,18,24,16,22
diadesorte,1018,23/01/2025,True,09,11,21,24,26,30,31,31,30,21,24,09,11,26
diadesorte,1019,25/01/2025,True,02,03,12,15,16,17,20,17,20,03,12,02,15,16
diadesorte,1020,28/01/2025,False,05,14,17,20,22,26,27,05,27,17,14,20,22,26
diadesorte,1021,30/01/2025,True,01,02,04,08,23,26,28,28,08,04,23,01,26,02
diadesorte,1022,01/02/2025,True,04,05,07,11,12,13,29,11,12,05,04,13,29,07
diadesorte,1023,04/02/2025,True,04,09,12,15,17,29,31,29,17,09,31,12,04,15
diadesorte,1024,06/02/2025,False,04,05,09,10,12,13,25,13,04,10,05,25,12,09
diadesorte,1025,08/02/2025,False,02,09,10,12,29,30,31,09,10,30,02,31,12,29
diadesorte,1026,11/02/2025,True,07,08,16,24,28,30,31,24,30,07,28,31,16,08
diadesorte,1027,13/02/2025,False,06,08,14,17,20,29,31,29,14,06,17,20,08,31
diadesorte,1028,15/02/2025,True,08,14,23,24,26,28,30,26,14,30,24,08,28,23
diadesorte,1029,18/02/2025,True,03,15,17,20,21,24,31,21,03,31,15,24,20,17
diadesorte,1030,20/02/2025,False,03,04,07,09,10,27,28,09,10,03,04,27,28,07
diadesorte,1031,22/02/2025,True,04,05,14,18,24,27,31,31,18,24,05,04,27,14
diadesorte,1032,25/02/2025,True,05,06,08,09,12,23,31,06,05,08,09,23,12,31
diadesorte,1033,27/02/2025,True,02,11,15,16,20,24,29,02,15,16,24,11,20,29
diadesorte,1034,01/03/2025,True,05,07,08,15,21,23,26,26,07,15,23,05,08,21
diadesorte,1035,06/03/2025,True,07,09,10,14,21,23,28,21,23,09,28,10,07,14
diadesorte,1036,08/03/2025,False,02,10,12,14,15,20,21,15,10,12,21,02,20,14
diadesorte,1037,11/03/2025,True,02,05,12,19,25,28,30,05,30,19,12,28,02,25
diadesorte,1038,13/03/2025,False,09,11,14,19,21,26,31,31,11,21,09,19,26,14
diadesorte,1039,15/03/2025,True,01,05,07,10,19,21,22,21,10,07,22,01,05,19
diadesorte,1040,18/03/2025,True,01,04,06,21,24,27,30,04,01,21,24,30,27,06
diadesorte,1041,20/03/2025,False,06,09,10,14,20,22,23,22,10,06,20,14,23,09
diadesorte,1042,22/03/2025,False,06,08,16,27,28,29,31,08,28,06,31,16,29,27
diadesorte,1043,25/03/2025,True,03,07,08,09,12,18,29,29,08,12,18,09,07,03
diadesorte,1044,27/03/2025,True,03,12,14,18,24,27,28,28,27,18,03,14,12,24
diadesorte,1045,29/03/2025,True,01,12,15,20,22,28,29,29,12,28,15,22,01,20
diadesorte,1046,01/04/2025,True,03,04,07,13,16,18,28,07,13,28,16,04,03,18
diadesorte,1047,03/04/2025,False,04,07,13,15,17,18,19,07,18,13,19,15,17,04
diadesorte,1048,05/04/2025,True,10,11,15,23,29,30,31,10,31,11,23,30,29,15
diadesorte,1049,08/04/2025,True,04,16,19,24,26,27,29,16,04,26,27,19,24,29
diadesorte,1050,10/04/2025,True,05,09,18,20,21,30,31,18,20,21,09,05,31,30
diadesorte,1051,12/04/2025,True,03,06,08,15,18,29,30,03,08,18,15,30,06,29
diadesorte,1052,15/04/2025,True,10,16,18,20,22,25,30,16,20,18,22,25,30,10
diadesorte,1053,17/04/2025,False,04,07,09,12,23,25,30,25,12,07,04,23,09,30
diadesorte,1054,19/04/2025,True,04,15,17,19,23,27,30,17,27,15,19,30,04,23
diadesorte,1055,22/04/2025,True,04,05,06,13,15,20,22,13,05,20,15,06,04,22
diadesorte,1056,24/04/2025,True,02,03,05,11,12,20,29,12,05,29,02,03,20,11
diadesorte,1057,26/04/2025,True,06,09,16,18,28,29,30,28,30,09,06,18,29,16
diadesorte,1058,29/04/2025,True,01,06,15,16,19,21,25,16,25,19,21,15,06,01
diadesorte,1059,03/05/2025,False,01,04,10,12,17,21,27,04,27,10,17,21,12,01
diadesorte,1060,06/05/2025,True,02,10,11,15,25,26,30,11,25,10,30,26,02,15
diadesorte,1061,08/05/2025,True,02,13,14,17,18,19,25,14,02,18,19,13,17,25
diadesorte,1062,10/05/2025,True,03,05,10,13,23,28,31,05,28,03,10,23,13,31
diadesorte,1063,13/05/2025,True,05,07,08,19,21,23,25,21,07,05,23,08,25,19
diadesorte,1064,15/05/2025,True,09,10,19,22,24,28,31,10,19,22,09,24,28,31
diadesorte,1065,17/05/2025,True,10,11,14,15,22,28,29,28,11,10,15,14,29,22
diadesorte,1066,20/05/2025,False,05,07,16,17,20,24,30,17,07,30,05,16,20,24
diadesorte,1067,22/05/2025,True,01,02,11,16,18,19,27,18,16,01,11,27,02,19
diadesorte,1068,24/05/2025,True,07,10,11,17,20,24,28,20,28,07,10,24,11,17
diadesorte,1069,27/05/2025,True,07,08,14,15,22,26,30,08,30,14,26,07,15,22
diadesorte,1070,29/05/2025,True,03,13,14,17,20,29,30,14,30,17,03,20,29,13
diadesorte,1071,31/05/2025,False,02,03,04,19,25,26,28,03,04,26,25,02,19,28
diadesorte,1072,03/06/2025,True,02,04,05,09,14,23,26,23,05,09,14,04,26,02
diadesorte,1073,05/06/2025,True,07,14,17,21,26,27,29,26,07,14,21,27,29,17
diadesorte,1074,07/06/2025,True,11,13,14,16,22,25,27,27,11,16,22,25,14,13
diadesorte,1075,10/06/2025,True,08,15,20,21,22,25,26,26,08,25,21,20,22,15
diadesorte,1076,12/06/2025,True,01,03,07,10,23,27,31,31,03,10,27,07,23,01
diadesorte,1077,14/06/2025,True,02,03,04,13,19,20,24,03,19,20,02,04,13,24
diadesorte,1078,17/06/2025,False,15,18,25,27,29,30,31,30,31,15,18,27,29,25
diadesorte,1079,21/06/2025,False,01,05,06,19,26,29,31,31,06,26,01,29,19,05
diadesorte,1080,24/06/2025,False,01,07,09,17,20,21,27,17,27,20,01,09,07,21
diadesorte,1081,26/06/2025,False,05,09,14,22,23,26,29,22,26,09,14,23,29,05
diadesorte,1082,28/06/2025,False,05,10,12,13,14,26,27,05,26,14,10,12,27,13
diadesorte,1083,01/07/2025,True,03,10,16,19,21,23,26,26,19,03,23,10,21,16
diadesorte,1084,03/07/2025,True,06,09,17,18,20,24,31,06,18,20,17,24,31,09
diadesorte,1085,05/07/2025,False,08,09,10,13,19,27,31,27,13,08,31,09,19,10
diadesorte,1086,08/07/2025,True,14,16,21,23,24,29,31,29,16,24,31,14,21,23
diadesorte,1087,10/07/2025,False,05,08,22,24,25,26,29,08,25,26,22,24,05,29
diadesorte,1088,12/07/2025,True,06,07,11,19,24,25,27,06,19,11,24,27,07,25
diadesorte,1089,15/07/2025,False,07,13,14,15,21,22,30,30,14,15,07,21,22,13
diadesorte,1090,17/07/2025,True,04,09,10,19,20,24,29,04,19,10,29,20,24,09
diadesorte,1091,19/07/2025,False,01,06,07,12,19,21,22,12,07,06,22,01,21,19
diadesorte,1092,22/07/2025,True,01,08,12,17,20,24,31,24,31,08,17,12,20,01
diadesorte,1093,24/07/2025,False,09,12,13,14,15,17,21,14,09,17,13,12,21,15
diadesorte,1094,26/07/2025,True,03,07,08,14,19,26,28,26,08,07,28,19,14,03
diadesorte,1095,29/07/2025,True,01,05,08,12,22,25,26,22,26,08,01,25,12,05
diadesorte,1096,31/07/2025,True,03,08,18,19,24,30,31,03,19,08,18,31,30,24
diadesorte,1097,02/08/2025,False,07,14,16,17,27,29,30,17,07,14,16,30,27,29
diadesorte,1098,05/08/2025,True,04,06,12,20,27,30,31,27,20,06,30,04,31,12
diadesorte,1099,07/08/2025,True,01,03,04,08,13,23,25,01,03,04,25,23,13,08
diadesorte,1100,09/08/2025,True,07,12,20,22,24,27,30,24,30,20,07,22,27,12
diadesorte,1101,12/08/2025,False,03,13,14,19,22,24,26,03,24,14,22,19,13,26
diadesorte,1102,14/08/2025,True,02,07,10,13,15,22,28,15,13,28,10,07,02,22
diadesorte,1103,16/08/2025,True,01,08,14,15,19,24,28,14,28,24,08,15,19,01
diadesorte,1104,19/08/2025,False,04,09,11,12,14,18,23,18,23,12,14,11,09,04
diadesorte,1105,21/08/2025,True,16,19,20,21,22,26,31,20,19,26,31,22,21,16
diadesorte,1106,23/08/2025,True,10,12,13,17,19,25,26,17,10,13,19,25,26,12
diadesorte,1107,26/08/2025,True,03,18,20,21,23,28,29,23,21,18,20,29,28,03
diadesorte,1108,28/08/2025,True,04,09,17,21,23,24,29,21,17,29,04,23,24,09
diadesorte,1109,30/08/2025,True,03,06,11,15,19,28,29,11,28,06,15,03,29,19
diadesorte,1110,02/09/2025,False,01,04,12,15,16,22,25,04,01,12,16,25,15,22
diadesorte,1111,04/09/2025,True,06,08,09,11,13,15,30,13,06,15,30,08,09,11
diadesorte,1112,06/09/2025,True,02,03,06,13,19,20,24,20,24,02,19,03,06,13
diadesorte,1113,09/09/2025,True,03,05,20,24,25,26,30,03,25,24,30,26,20,05
diadesorte,1114,11/09/2025,False,04,08,12,17,24,27,29,04,29,24,08,12,17,27
diadesorte,1115,13/09/2025,True,06,07,11,15,22,25,31,22,07,31,25,11,06,15
diadesorte,1116,16/09/2025,True,01,04,11,19,21,22,25,22,01,21,04,11,19,25
diadesorte,1117,18/09/2025,True,03,10,11,12,13,14,30,10,11,30,13,14,12,03
diadesorte,1118,20/09/2025,True,03,08,09,16,17,26,30,16,30,26,03,08,17,09
diadesorte,1119,23/09/2025,True,03,04,14,15,20,22,28,03,20,28,22,15,04,14
diadesorte,1120,25/09/2025,True,03,06,08,11,23,24,28,11,28,06,08,03,23,24
diadesorte,1121,27/09/2025,False,02,16,17,23,24,26,30,16,02,17,23,30,26,24
diadesorte,1122,30/09/2025,True,06,10,15,20,25,28,30,10,06,15,30,25,28,20
diadesorte,1123,02/10/2025,True,02,05,09,10,12,23,28,05,09,02,12,10,28,23
diadesorte,1124,04/10/2025,True,02,18,24,27,28,30,31,31,02,28,27,30,24,18
diadesorte,1125,07/10/2025,True,01,02,07,11,14,21,27,01,07,14,21,02,11,27
diadesorte,1126,09/10/2025,True,03,04,15,18,19,21,25,25,15,18,04,19,03,21
diadesorte,1127,11/10/2025,True,06,07,11,19,25,28,31,19,31,07,06,28,25,11
diadesorte,1128,14/10/2025,True,09,10,16,17,19,20,24,16,09,17,10,19,24,20
diadesorte,1129,16/10/2025,True,04,05,07,10,16,25,31,16,05,07,10,04,25,31
diadesorte,1130,18/10/2025,True,04,07,10,12,14,27,30,30,10,27,07,12,14,04
diadesorte,1131,21/10/2025,True,06,07,11,12,13,20,26,13,26,07,11,20,06,12
diadesorte,1132,23/10/2025,False,04,06,13,17,23,26,29,06,13,17,29,04,23,26
diadesorte,1133,25/10/2025,True,04,08,10,12,20,21,26,12,21,04,08,26,10,20
diadesorte,1134,28/10/2025,True,02,10,14,20,24,28,31,02,24,28,31,20,10,14
diadesorte,1135,30/10/2025,True,07,09,13,19,25,29,30,07,30,25,29,19,09,13
diadesorte,1136,01/11/2025,True,05,06,17,19,24,25,30,19,24,17,30,05,25,06
diadesorte,1137,04/11/2025,True,07,12,13,14,20,22,26,14,13,20,26,12,22,07
diadesorte,1138,06/11/2025,True,09,10,16,21,26,27,31,31,27,16,26,10,21,09
diadesorte,1139,08/11/2025,True,01,05,17,19,28,29,30,29,28,19,01,30,05,17
diadesorte,1140,11/11/2025,True,01,07,14,15,20,27,30,15,30,27,01,14,20,07
diadesorte,1141,13/11/2025,True,01,09,10,14,16,22,26,16,09,26,10,01,22,14
diadesorte,1142,18/11/2025,False,20,22,23,24,28,30,31,23,24,20,30,22,31,28
diadesorte,1143,22/11/2025,False,07,08,11,13,16,20,31,20,13,07,16,31,08,11
diadesorte,1144,25/11/2025,True,03,05,11,13,23,24,26,13,24,03,11,23,26,05
diadesorte,1145,27/11/2025,True,04,09,12,14,16,22,27,27,14,04,22,09,16,12
diadesorte,1146,29/11/2025,False,02,04,06,08,18,29,31,06,18,08,04,02,31,29
diadesorte,1147,02/12/2025,False,10,13,20,21,23,24,30,30,23,20,24,21,13,10
diadesorte,1148,04/12/2025,False,05,06,15,16,17,20,23,20,15,17,06,05,16,23
diadesorte,1149,06/12/2025,True,01,09,10,17,22,27,30,30,09,01,10,17,27,22
diadesorte,1150,09/12/2025,True,06,08,10,11,18,26,30,30,18,10,26,08,11,06
diadesorte,1151,11/12/2025,True,03,06,18,21,22,24,31,21,06,31,03,18,22,24
diadesorte,1152,13/12/2025,True,10,12,14,16,18,22,24,12,14,16,24,22,10,18
diadesorte,1153,16/12/2025,True,15,16,18,19,21,23,27,19,21,16,18,27,23,15
diadesorte,1154,18/12/2025,True,01,03,05,08,15,16,24,16,08,15,03,01,05,24
diadesorte,1155,20/12/2025,True,02,07,08,13,14,19,28,19,14,13,07,08,28,02
diadesorte,1156,23/12/2025,False,07,12,13,15,19,25,31,31,25,07,12,13,15,19
diadesorte,1157,27/12/2025,False,01,03,07,10,17,28,31,03,01,31,17,10,28,07
diadesorte,1158,30/12/2025,True,06,09,14,15,26,27,30,15,26,06,09,30,14,27
diadesorte,1159,03/01/2026,False,06,11,12,16,26,28,31,11,26,12,16,31,06,28
diadesorte,1160,06/01/2026,False,10,12,14,16,18,30,31,31,30,18,12,16,14,10
diadesorte,1161,08/01/2026,True,03,05,06,15,22,23,26,05,03,22,15,26,06,23
diadesorte,1162,10/01/2026,True,01,02,08,09,17,18,19,18,02,01,17,19,08,09
diadesorte,1163,13/01/2026,True,02,04,05,12,16,18,21,18,16,05,12,04,02,21
diadesorte,1164,15/01/2026,True,06,07,20,21,22,23,27,27,06,22,07,21,23,20
diadesorte,1165,17/01/2026,True,02,11,13,16,17,23,25,17,02,23,11,16,25,13
diadesorte,1166,20/01/2026,True,01,07,08,15,16,24,31,24,15,31,07,01,16,08
diadesorte,1167,22/01/2026,False,06,12,13,27,29,30,31,06,31,13,27,29,12,30
diadesorte,1168,24/01/2026,True,01,03,07,14,16,23,30,03,07,16,01,30,14,23
diadesorte,1169,27/01/2026,True,03,08,09,14,18,21,24,24,14,21,08,09,03,18
diadesorte,1170,29/01/2026,True,02,12,13,24,28,29,30,12,13,29,24,28,30,02
diadesorte,1171,31/01/2026,True,01,03,07,09,13,25,28,07,01,09,28,13,25,03
diadesorte,1172,03/02/2026,True,06,12,16,20,21,28,29,06,21,20,29,16,28,12
diadesorte,1173,05/02/2026,True,06,08,13,19,22,24,26,08,19,26,24,13,22,06
diadesorte,1174,07/02/2026,True,02,08,15,22,23,25,30,02,30,23,15,08,22,25
diadesorte,1175,10/02/2026,False,08,12,13,21,22,28,29,29,13,21,22,28,12,08
diadesorte,1176,12/02/2026,True,05,06,12,24,29,30,31,06,30,24,29,31,12,05
diadesorte,1177,14/02/2026,True,03,05,06,08,09,11,17,03,06,09,05,11,17,08
diadesorte,1178,19/02/2026,True,02,03,05,06,07,09,19,05,07,06,19,09,03,02
diadesorte,1179,21/02/2026,False,03,07,14,17,21,27,29,03,27,14,29,17,07,21
diadesorte,1180,24/02/2026,True,12,15,20,25,28,30,31,28,31,20,25,12,30,15
diadesorte,1181,26/02/2026,True,03,04,06,08,16,27,31,06,03,04,31,16,27,08
diadesorte,1182,28/02/2026,True,09,15,18,19,22,24,30,15,30,18,09,24,19,22
diadesorte,1183,03/03/2026,True,03,06,07,20,21,25,30,30,21,20,03,06,07,25
diadesorte,1184,05/03/2026,True,01,10,13,16,17,24,25,16,17,24,10,01,13,25
diadesorte,1185,07/03/2026,True,01,05,08,15,22,25,31,31,15,01,22,05,25,08
diadesorte,1186,10/03/2026,True,04,10,14,17,19,20,26,17,04,19,20,10,26,14
diadesorte,1187,12/03/2026,True,03,06,11,13,18,26,31,31,11,03,26,13,18,06
diadesorte,1188,14/03/2026,True,04,06,11,14,21,25,27,06,27,21,04,25,14,11
diadesorte,1189,17/03/2026,True,01,02,07,12,19,23,28,12,02,23,19,28,01,07
diadesorte,1190,19/03/2026,True,05,10,14,18,19,24,26,10,18,05,14,24,19,26
diadesorte,1191,21/03/2026,False,09,12,13,17,18,29,30,17,29,30,13,09,18,12
diadesorte,1192,24/03/2026,True,10,11,12,16,21,22,24,21,10,16,12,22,24,11
diadesorte,1193,26/03/2026,True,01,04,11,18,21,23,27,27,18,11,21,23,01,04
diadesorte,1194,28/03/2026,True,07,08,10,19,24,25,28,19,24,07,10,28,08,25
diadesorte,1195,31/03/2026,True,05,11,14,15,19,26,27,05,11,26,19,14,15,27
diadesorte,1196,02/04/2026,True,07,12,17,19,21,22,24,19,22,21,07,17,12,24
diadesorte,1197,04/04/2026,False,04,10,11,19,20,25,26,10,20,04,19,11,26,25
diadesorte,1198,07/04/2026,True,02,06,13,15,20,27,31,20,02,13,31,15,06,27
diadesorte,1199,09/04/2026,True,01,04,12,21,24,26,28,04,12,28,21,24,01,26
diadesorte,1200,11/04/2026,True,01,15,16,21,24,25,27,21,16,01,25,24,27,15
diadesorte,1201,14/04/2026,True,01,06,10,12,14,20,31,01,31,14,06,12,10,20
diadesorte,1202,16/04/2026,True,05,08,09,11,26,28,31,09,31,28,26,05,08,11
diadesorte,1203,18/04/2026,True,05,09,16,19,22,23,30,22,05,30,23,16,09,19
diadesorte,1204,23/04/2026,True,11,12,13,17,20,23,29,11,13,20,17,29,23,12
diadesorte,1205,25/04/2026,False,05,08,10,17,19,27,29,05,29,10,27,19,17,08
diadesorte,1206,28/04/2026,True,02,08,10,11,18,27,29,11,18,10,27,02,29,08
diadesorte,1207,30/04/2026,True,01,15,19,23,26,28,29,23,15,26,28,29,01,19
diadesorte,1208,02/05/2026,False,05,21,22,23,24,26,31,24,22,21,26,31,23,05
diadesorte,1209,05/05/2026,True,08,09,10,12,15,27,28,08,15,27,09,12,10,28
diadesorte,1210,07/05/2026,False,09,11,12,17,20,23,24,20,11,09,17,23,24,12
diadesorte,1211,09/05/2026,True,03,04,09,14,18,23,30,23,30,09,18,03,04,14
diadesorte,1212,12/05/2026,True,01,02,08,18,21,22,23,22,21,08,02,01,23,18
diadesorte,1213,14/05/2026,True,07,12,13,15,24,26,30,30,15,13,24,12,07,26
diadesorte,1214,16/05/2026,True,02,03,19,20,21,28,30,20,28,30,02,03,21,19
diadesorte,1215,19/05/2026,True,05,06,09,10,14,21,23,23,10,21,09,14,06,05
diadesorte,1216,21/05/2026,False,02,03,09,14,24,28,31,24,02,28,31,14,09,03
diadesorte,1217,23/05/2026,True,07,08,10,11,22,24,26,10,26,08,07,22,11,24
diadesorte,1218,26/05/2026,True,04,05,09,11,12,16,30,16,12,09,30,05,04,11
diadesorte,1219,28/05/2026,True,01,02,07,18,20,24,29,24,02,18,07,20,29,01
diadesorte,1220,30/05/2026,True,04,05,09,11,20,26,28,04,28,05,09,20,26,11
diadesorte,1221,02/06/2026,False,16,17,21,23,27,29,30,21,29,30,17,16,23,27
diadesorte,1222,06/06/2026,True,06,10,11,20,21,24,30,11,06,21,30,10,20,24
diadesorte,1223,09/06/2026,False,09,13,14,21,22,29,30,13,09,14,29,21,30,22
diadesorte,1224,11/06/2026,True,02,07,15,16,22,27,28,28,07,02,16,22,27,15
diadesorte,1225,14/06/2026,True,04,05,06,09,11,25,27,09,06,27,04,25,05,11
diadesorte,1226,16/06/2026,True,02,14,15,16,19,20,29,15,02,19,20,14,29,16
diadesorte,1227,18/06/2026,True,03,09,10,21,22,28,31,28,10,09,22,31,21,03
diadesorte,1228,20/06/2026,True,04,05,06,13,14,15,30,04,15,13,05,30,06,14
diadesorte,1229,23/06/2026,True,01,11,12,18,27,28,31,31,18,11,28,01,12,27
diadesorte,1230,25/06/2026,False,01,02,08,10,17,18,27,27,02,10,01,17,18,08
diadesorte,1231,27/06/2026,False,04,05,15,17,18,28,29,05,18,17,04,15,29,28
diadesorte,1232,29/06/2026,True,05,07,08,12,13,22,31,07,05,22,31,13,08,12
diadesorte,1233,30/06/2026,True,01,03,10,14,17,18,19,17,03,01,18,19,10,14
diadesorte,1234,01/07/2026,True,03,06,07,09,16,17,29,17,06,07,03,09,16,29
diadesorte,1235,02/07/2026,True,07,15,16,18,20,22,31,18,15,16,22,31,07,20
