concurso,data,b1,b2,b3,b4,b5,b6,acumulado,valor_acumulado
1,11/03/1996,04,05,30,33,41,52,True,1714650.23
2,18/03/1996,09,37,39,41,43,49,False,0.0
3,25/03/1996,10,11,29,30,36,47,False,0.0
4,01/04/1996,01,05,06,27,42,59,True,717080.75
5,08/04/1996,01,02,06,16,19,46,True,1342488.85
6,15/04/1996,07,13,19,22,40,47,True,2286166.33
7,22/04/1996,03,05,20,21,38,56,True,3335692.28
8,29/04/1996,04,17,37,38,47,53,True,4493748.19
9,06/05/1996,08,43,54,55,56,60,True,5718641.49
10,13/05/1996,04,18,21,25,38,57,True,13334769.81
11,20/05/1996,15,25,37,38,58,59,False,0.0
12,27/05/1996,04,16,19,20,27,43,True,880136.24
13,03/06/1996,18,32,47,50,54,56,True,1940205.35
14,10/06/1996,02,16,23,27,47,53,True,3006941.32
15,17/06/1996,12,33,35,51,52,60,True,4232661.35
16,24/06/1996,20,32,34,49,58,60,True,5471686.62
17,01/07/1996,06,10,13,19,20,51,False,0.0
18,08/07/1996,23,27,36,37,42,56,True,858843.48
19,15/07/1996,05,10,12,24,25,60,True,10506266.73
20,22/07/1996,11,25,28,30,33,51,True,11844340.83
21,29/07/1996,06,33,36,46,49,53,True,13182021.44
22,05/08/1996,01,09,31,38,46,56,True,14716828.84
23,12/08/1996,17,37,39,51,52,59,True,16510452.0
24,19/08/1996,01,08,14,28,33,43,False,0.0
25,25/08/1996,24,43,50,54,55,56,True,884973.5
26,01/09/1996,10,22,50,53,57,58,True,1892469.3
27,08/09/1996,13,17,20,33,44,51,True,2998050.68
28,15/09/1996,03,06,22,24,54,60,True,4183003.48
29,22/09/1996,03,08,14,43,56,58,False,0.0
30,29/09/1996,07,14,15,29,38,50,True,10127520.8
31,06/10/1996,17,19,28,45,48,56,True,11214340.46
32,13/10/1996,05,14,33,36,43,44,True,12531181.83
33,20/10/1996,05,17,33,39,42,49,False,0.0
34,27/10/1996,13,15,17,40,53,57,True,832568.2
35,03/11/1996,04,16,21,23,54,57,True,1770963.49
36,10/11/1996,03,13,17,25,29,51,True,2841425.78
37,17/11/1996,06,07,22,38,52,60,True,3791687.26
38,24/11/1996,10,42,43,45,54,55,True,4910944.53
39,01/12/1996,12,16,37,45,52,56,True,13456111.33
40,08/12/1996,03,05,08,12,46,47,True,15222867.04
41,15/12/1996,12,26,35,38,39,47,False,0.0
42,22/12/1996,07,11,19,24,33,36,True,888735.02
43,29/12/1996,02,06,17,25,26,58,True,1765157.22
44,05/01/1997,14,18,29,38,44,47,True,2642633.14
45,12/01/1997,07,30,37,44,53,55,True,3719811.46
46,19/01/1997,01,23,24,32,46,60,True,4809891.56
47,26/01/1997,03,17,25,35,48,56,True,5933418.51
48,02/02/1997,02,05,28,34,47,50,True,7118717.38
49,09/02/1997,07,13,33,35,43,55,False,0.0
50,16/02/1997,06,16,21,44,57,58,True,8917830.39
51,23/02/1997,17,23,24,25,42,47,True,10158749.73
52,02/03/1997,15,30,38,46,58,59,True,11595036.71
53,09/03/1997,03,13,16,38,42,46,True,13192159.46
54,16/03/1997,05,09,18,21,36,56,False,0.0
55,23/03/1997,02,14,23,29,38,52,True,856756.39
56,30/03/1997,02,07,20,35,51,59,True,1556147.46
57,06/04/1997,07,16,17,27,34,59,True,2570421.8
58,13/04/1997,12,27,30,37,44,49,False,0.0
59,20/04/1997,02,08,13,28,34,54,True,789733.42
60,27/04/1997,03,14,15,20,21,38,True,9478249.26
61,04/05/1997,08,18,29,42,44,59,True,10657792.45
62,11/05/1997,06,08,13,24,31,52,True,12081323.45
63,18/05/1997,09,25,26,40,41,49,False,0.0
64,25/05/1997,08,12,23,50,54,60,True,811186.58
65,01/06/1997,01,05,20,25,32,34,True,1656088.09
66,08/06/1997,12,13,15,26,33,48,True,2641927.81
67,15/06/1997,12,14,17,27,47,52,True,3699406.44
68,22/06/1997,01,03,12,13,53,59,True,4787014.46
69,29/06/1997,25,34,45,53,56,58,True,5926931.93
70,06/07/1997,17,23,27,40,43,58,True,14883849.29
71,13/07/1997,16,27,33,43,45,53,True,16602188.45
72,20/07/1997,01,19,34,43,44,48,True,18609174.26
73,27/07/1997,25,26,28,45,51,57,False,0.0
74,03/08/1997,02,24,34,37,38,50,True,876368.71
75,10/08/1997,21,24,35,36,37,49,True,1917550.02
76,17/08/1997,08,17,18,23,33,53,True,3048886.14
77,24/08/1997,21,29,40,49,54,57,True,4240457.6
78,31/08/1997,12,22,25,31,32,46,True,5465006.39
79,07/09/1997,02,13,17,25,31,43,False,0.0
80,14/09/1997,23,28,37,40,48,51,True,10953707.53
81,21/09/1997,10,23,41,47,54,60,True,12401021.68
82,28/09/1997,15,18,29,36,51,53,False,0.0
83,05/10/1997,04,15,16,24,42,57,True,858048.93
84,12/10/1997,04,06,10,25,34,40,True,1780905.8
85,19/10/1997,06,15,30,37,45,47,True,2713984.86
86,26/10/1997,06,21,22,34,36,54,True,3678955.17
87,02/11/1997,04,05,11,28,32,40,True,4654053.86
88,09/11/1997,04,18,29,37,43,45,True,5705540.99
89,16/11/1997,13,34,42,44,55,59,True,6752968.26
90,23/11/1997,09,21,26,40,52,54,False,0.0
91,30/11/1997,02,04,10,35,39,60,True,782445.93
92,07/12/1997,01,03,05,23,24,51,True,1663783.45
93,14/12/1997,02,22,28,31,36,53,True,2569217.31
94,21/12/1997,08,18,28,51,52,55,True,3512942.16
95,28/12/1997,06,40,45,46,50,60,True,4326270.55
96,04/01/1998,04,07,26,40,42,58,False,0.0
97,11/01/1998,05,11,14,35,53,56,False,0.0
98,18/01/1998,13,14,31,33,35,43,True,695149.05
99,25/01/1998,11,24,30,33,46,60,True,1470041.96
100,01/02/1998,14,29,30,46,48,51,True,8585129.47
101,08/02/1998,01,18,29,31,37,39,True,9869908.65
102,15/02/1998,19,20,37,42,44,56,False,0.0
103,22/02/1998,01,07,09,49,54,57,False,0.0
104,01/03/1998,01,04,13,21,38,52,True,621880.72
105,08/03/1998,03,13,31,43,46,49,True,1402269.88
106,15/03/1998,05,16,24,35,38,39,True,2268378.66
107,22/03/1998,02,04,16,24,51,52,True,3171136.01
108,29/03/1998,21,24,29,34,59,60,True,4116628.49
109,04/04/1998,01,13,44,48,49,54,True,11523677.38
110,11/04/1998,18,31,43,52,57,58,True,12690079.16
111,18/04/1998,04,22,25,32,33,52,True,14165647.19
112,25/04/1998,12,20,34,37,42,43,False,0.0
113,02/05/1998,07,26,28,34,54,55,True,650691.4
114,09/05/1998,06,12,18,37,47,54,True,1470833.69
115,16/05/1998,04,06,14,20,24,38,True,2339731.79
116,23/05/1998,05,13,32,36,42,51,True,3257973.62
117,30/05/1998,20,25,27,33,42,53,True,4210398.41
118,06/06/1998,09,22,25,37,56,57,True,5231361.36
119,13/06/1998,01,21,36,38,47,50,True,13206225.91
120,20/06/1998,03,16,27,40,45,46,True,14643740.7
121,27/06/1998,02,29,41,44,53,55,True,16205258.33
122,04/07/1998,11,17,20,39,43,53,True,18019018.95
123,11/07/1998,13,14,16,26,32,42,True,20646465.28
124,18/07/1998,05,15,34,41,52,57,False,0.0
125,25/07/1998,25,41,47,53,56,59,True,851497.47
126,01/08/1998,06,10,11,28,32,40,True,1852731.83
127,08/08/1998,21,29,50,51,54,59,True,2987378.17
128,15/08/1998,03,09,18,21,23,43,True,4183483.5
129,22/08/1998,01,09,10,32,46,54,True,5440490.0
130,29/08/1998,13,29,38,42,49,53,True,18814958.31
131,05/09/1998,04,09,17,27,30,44,True,21765774.49
132,12/09/1998,07,09,35,41,44,50,True,25343057.89
133,19/09/1998,05,06,19,34,39,57,False,0.0
134,26/09/1998,04,25,32,36,52,60,True,1008932.39
135,03/10/1998,21,22,35,40,53,59,True,2188444.72
136,10/10/1998,01,17,25,38,45,59,True,3463871.17
137,17/10/1998,15,16,19,22,26,49,True,4802402.93
138,24/10/1998,05,14,27,37,40,41,True,6254876.8
139,31/10/1998,03,13,26,27,41,42,False,0.0
140,07/11/1998,07,31,41,44,46,55,True,16453628.31
141,14/11/1998,10,13,22,41,42,58,True,19324778.9
142,21/11/1998,08,15,19,20,54,59,True,22851887.24
143,28/11/1998,06,18,20,40,50,53,True,27136115.88
144,05/12/1998,08,32,36,44,45,55,False,0.0
145,12/12/1998,15,16,31,41,43,51,True,1283220.59
146,19/12/1998,25,32,34,42,51,60,True,2747335.81
147,24/12/1998,06,16,23,24,28,38,False,0.0
148,31/12/1998,32,35,41,55,58,59,True,965880.61
149,09/01/1999,07,11,20,28,45,48,True,2211820.94
150,16/01/1999,12,44,50,52,54,55,True,21414530.14
151,23/01/1999,03,16,20,43,52,56,False,0.0
152,30/01/1999,05,12,15,29,51,58,True,1040614.8
153,06/02/1999,02,30,31,42,45,47,True,2329154.62
154,13/02/1999,08,10,24,33,45,48,True,3692251.6
155,20/02/1999,12,30,32,35,43,44,False,0.0
156,27/02/1999,17,23,42,49,52,55,True,978407.41
157,06/03/1999,04,13,17,21,41,44,False,0.0
158,13/03/1999,04,14,17,43,51,58,True,961863.12
159,20/03/1999,09,11,16,35,50,58,False,0.0
160,27/03/1999,02,13,42,52,54,58,True,11251511.63
161,03/04/1999,06,25,30,37,39,41,True,12896601.04
162,10/04/1999,21,23,33,38,48,51,True,15208520.83
163,17/04/1999,08,27,36,41,53,56,False,0.0
164,24/04/1999,04,10,14,19,28,44,True,1011737.9
165,01/05/1999,10,19,23,35,39,56,False,0.0
166,08/05/1999,12,13,22,57,59,60,True,982751.54
167,15/05/1999,01,11,28,33,38,48,False,0.0
168,22/05/1999,02,09,31,35,45,50,True,906836.93
169,29/05/1999,01,13,21,37,51,52,True,1973804.91
170,05/06/1999,07,41,46,51,55,58,True,13643095.71
171,12/06/1999,04,27,40,43,46,54,False,0.0
172,19/06/1999,10,14,26,35,36,49,True,1033736.7
173,26/06/1999,17,28,29,42,49,50,False,0.0
174,03/07/1999,11,22,23,36,52,59,True,942313.58
175,10/07/1999,01,10,13,20,42,50,True,2049582.99
176,17/07/1999,01,03,04,28,45,53,True,3291794.61
177,24/07/1999,22,35,38,39,41,59,True,4646890.81
178,31/07/1999,05,15,19,26,27,33,False,0.0
179,07/08/1999,05,06,23,26,27,53,True,962357.04
180,14/08/1999,06,23,29,39,51,60,True,12143009.93
181,21/08/1999,01,27,33,35,51,55,True,14573162.71
182,28/08/1999,03,05,10,28,46,60,True,17428194.22
183,04/09/1999,02,07,11,16,40,44,True,20905131.4
184,11/09/1999,09,16,21,34,41,60,True,24733003.15
185,18/09/1999,17,22,43,46,55,59,True,30124561.09
186,25/09/1999,14,23,24,25,26,51,True,37335874.86
187,02/10/1999,06,36,41,44,48,58,True,48320873.6
188,10/10/1999,17,27,34,42,43,46,False,0.0
189,16/10/1999,04,15,31,38,41,53,True,1718456.25
190,24/10/1999,05,10,21,32,40,42,True,44895988.05
191,31/10/1999,01,03,05,23,41,58,False,0.0
192,06/11/1999,01,26,28,41,54,60,True,1463122.78
193,13/11/1999,04,11,12,19,43,49,True,3104692.58
194,20/11/1999,25,28,32,33,42,43,True,4740789.92
195,27/11/1999,03,09,17,32,37,44,False,0.0
196,04/12/1999,07,09,14,17,24,32,True,1159520.95
197,11/12/1999,05,12,15,19,29,52,True,2428125.98
198,18/12/1999,01,08,18,23,35,40,True,3760278.08
199,24/12/1999,10,16,37,50,52,57,False,0.0
200,31/12/1999,12,15,19,34,44,51,False,0.0
201,08/01/2000,05,20,22,30,35,55,False,0.0
202,15/01/2000,12,24,44,45,49,53,True,968186.82
203,22/01/2000,11,19,29,44,47,55,True,2034096.14
204,29/01/2000,29,31,39,41,51,58,True,3194615.19
205,05/02/2000,26,32,40,43,46,54,False,0.0
206,12/02/2000,18,20,26,34,51,56,True,916897.74
207,19/02/2000,03,07,19,24,53,55,True,1960583.04
208,26/02/2000,15,23,24,25,47,57,True,3056064.34
209,04/03/2000,13,21,26,32,41,52,True,4256466.94
210,11/03/2000,20,32,37,38,48,58,True,14043878.83
211,18/03/2000,10,20,33,40,45,50,True,16185115.03
212,25/03/2000,06,15,29,45,57,59,True,18534548.53
213,01/04/2000,03,09,23,30,32,35,False,0.0
214,08/04/2000,06,12,30,31,35,50,True,1009456.63
215,15/04/2000,07,28,37,46,53,58,True,2139994.41
216,22/04/2000,14,18,30,35,42,59,False,0.0
217,29/04/2000,03,27,32,45,49,51,True,877607.32
218,06/05/2000,12,17,40,42,47,54,False,0.0
219,13/05/2000,23,26,28,36,42,49,True,885291.29
220,20/05/2000,13,14,36,53,55,60,False,0.0
221,27/05/2000,13,27,43,50,54,58,True,856460.89
222,03/06/2000,05,19,30,48,52,55,True,1862509.6
223,10/06/2000,02,06,22,24,28,58,True,3004483.21
224,17/06/2000,07,16,18,20,21,44,True,4247750.04
225,24/06/2000,02,04,16,21,37,58,True,5496971.76
226,01/07/2000,01,02,38,49,50,59,False,0.0
227,08/07/2000,11,26,27,37,42,48,True,885652.57
228,15/07/2000,13,16,40,43,45,59,True,1902506.15
229,22/07/2000,11,13,21,33,39,45,False,0.0
230,29/07/2000,08,40,41,44,53,56,True,9547336.0
231,05/08/2000,16,27,36,42,44,59,True,11481752.44
232,12/08/2000,19,22,29,37,41,59,True,13653988.77
233,19/08/2000,03,07,24,32,36,45,False,0.0
234,26/08/2000,15,25,41,42,45,54,True,906511.63
235,02/09/2000,02,22,29,31,41,55,True,1942631.63
236,09/09/2000,10,25,50,52,57,60,True,3055084.91
237,16/09/2000,07,31,36,45,56,57,True,4344394.18
238,23/09/2000,09,13,15,37,41,42,False,0.0
239,30/09/2000,06,21,33,44,46,47,False,0.0
240,07/10/2000,25,28,38,41,57,59,True,11686511.34
241,14/10/2000,11,31,35,40,56,57,True,13712211.55
242,21/10/2000,04,07,21,22,28,56,True,16132069.11
243,28/10/2000,11,16,20,23,32,47,True,18728383.13
244,04/11/2000,19,24,33,47,50,60,True,22081659.67
245,11/11/2000,08,27,44,51,53,60,False,0.0
246,18/11/2000,02,16,32,37,43,57,True,1036993.8
247,25/11/2000,03,10,23,30,34,46,True,2196692.29
248,02/12/2000,16,32,34,35,41,56,True,3489735.08
249,09/12/2000,21,36,40,49,54,55,True,4906709.76
250,16/12/2000,07,25,41,42,43,55,True,22593628.59
251,23/12/2000,15,23,30,34,49,55,True,25936007.67
252,30/12/2000,04,17,26,32,51,54,False,0.0
253,06/01/2001,11,12,24,37,44,56,True,1056248.75
254,13/01/2001,01,04,21,22,30,56,True,2355166.17
255,20/01/2001,16,19,20,32,44,55,True,3734074.48
256,27/01/2001,02,21,26,32,34,52,True,5190470.09
257,03/02/2001,01,04,05,19,28,34,False,0.0
258,10/02/2001,07,12,50,54,55,60,True,1015099.19
259,17/02/2001,13,15,20,33,43,58,True,2195724.03
260,24/02/2001,04,06,33,43,59,60,True,17357124.85
261,03/03/2001,05,16,20,30,54,56,True,19797765.32
262,10/03/2001,11,20,48,53,58,60,True,22991600.18
263,17/03/2001,08,09,26,43,50,53,True,27061348.12
264,24/03/2001,01,05,13,25,31,33,False,0.0
265,31/03/2001,07,16,34,41,50,53,True,1127161.81
266,07/04/2001,02,23,38,46,48,54,True,2442739.49
267,14/04/2001,01,08,45,46,55,58,True,3720210.04
268,21/04/2001,05,06,10,21,33,47,True,5098601.74
269,28/04/2001,17,18,19,25,49,52,True,6697873.66
270,05/05/2001,05,09,27,35,40,45,False,0.0
271,12/05/2001,14,24,26,29,31,54,True,1028865.23
272,19/05/2001,09,10,24,36,56,58,True,2205988.15
273,26/05/2001,10,17,23,27,47,52,False,0.0
274,02/06/2001,11,13,18,26,39,47,True,935192.94
275,09/06/2001,16,19,30,37,38,48,True,2061751.1
276,16/06/2001,22,39,45,53,57,59,True,3245516.79
277,23/06/2001,04,26,38,40,52,56,True,4565490.29
278,30/06/2001,10,15,18,22,31,55,True,5975419.1
279,07/07/2001,04,23,31,47,58,59,True,7622494.24
280,14/07/2001,05,16,20,25,30,58,True,19351758.16
281,21/07/2001,05,11,31,38,47,53,False,0.0
282,28/07/2001,09,14,23,24,33,36,False,0.0
283,01/08/2001,25,28,34,42,48,54,False,0.0
284,04/08/2001,07,08,14,30,32,36,False,0.0
285,08/08/2001,12,32,37,41,50,56,True,425869.64
286,11/08/2001,29,35,37,44,47,56,True,1398941.94
287,15/08/2001,03,13,25,33,47,60,False,0.0
288,18/08/2001,06,09,11,17,18,50,True,860964.72
289,22/08/2001,06,07,20,25,30,36,True,1341870.11
290,25/08/2001,07,25,26,30,40,57,True,10159688.47
291,29/08/2001,05,16,17,18,22,41,True,11117743.68
292,01/09/2001,13,23,24,34,45,53,True,12692554.4
293,05/09/2001,05,06,07,12,28,35,True,13858457.03
294,08/09/2001,22,25,28,41,45,57,False,0.0
295,12/09/2001,07,12,24,31,44,50,True,442466.08
296,15/09/2001,03,20,42,46,51,52,True,1367552.68
297,19/09/2001,01,20,28,33,36,41,True,1948159.43
298,22/09/2001,05,22,23,24,34,60,False,0.0
299,26/09/2001,02,05,07,33,49,53,True,417337.23
300,29/09/2001,24,27,28,38,41,57,True,8421199.74
301,03/10/2001,09,26,48,49,57,58,True,9414796.91
302,06/10/2001,12,25,30,40,41,60,True,11051609.38
303,10/10/2001,07,13,17,30,37,47,False,0.0
304,13/10/2001,07,11,34,41,42,59,True,769087.04
305,17/10/2001,05,11,27,38,53,60,True,1333855.18
306,20/10/2001,19,30,41,47,56,57,True,2332990.8
307,24/10/2001,13,16,17,26,41,44,True,3000002.7
308,27/10/2001,04,11,25,29,39,55,False,0.0
309,31/10/2001,04,11,25,39,50,55,False,0.0
310,03/11/2001,02,14,28,29,31,32,True,7512984.9
311,07/11/2001,22,24,30,32,38,41,True,8459898.95
312,10/11/2001,14,23,30,41,47,50,True,9909043.97
313,14/11/2001,14,16,24,37,38,53,True,11055737.35
314,17/11/2001,05,32,34,37,40,58,True,12427002.17
315,21/11/2001,12,21,22,28,43,50,False,0.0
316,24/11/2001,06,24,28,43,51,56,True,804502.07
317,28/11/2001,16,20,27,30,35,48,True,1325010.22
318,01/12/2001,03,19,20,31,40,53,False,0.0
319,05/12/2001,12,16,17,19,23,48,True,451904.22
320,08/12/2001,20,22,27,47,50,53,True,8460390.65
321,12/12/2001,04,11,31,32,48,49,True,9579360.38
322,15/12/2001,11,18,29,44,47,56,True,11192700.36
323,19/12/2001,26,31,33,40,49,54,True,12531452.28
324,22/12/2001,08,15,22,25,30,47,True,14541455.7
325,29/12/2001,01,03,04,21,23,53,False,0.0
326,05/01/2002,21,23,40,44,51,52,True,1048702.44
327,09/01/2002,29,32,33,38,46,48,True,1634646.68
328,12/01/2002,05,07,14,21,23,51,False,0.0
329,16/01/2002,10,11,12,24,35,40,True,9617027.24
330,19/01/2002,02,04,14,23,37,51,True,11190156.01
331,23/01/2002,01,13,20,27,35,37,True,12355441.42
332,26/01/2002,23,28,29,34,42,44,True,14025004.81
333,30/01/2002,04,27,35,44,52,53,True,15441466.12
334,02/02/2002,14,23,24,26,41,51,False,0.0
335,06/02/2002,07,23,33,43,57,59,True,510820.7
336,09/02/2002,02,18,22,26,30,54,True,1413202.7
337,16/02/2002,04,14,16,31,52,54,True,2519311.97
338,20/02/2002,01,04,09,36,46,48,True,3243312.5
339,23/02/2002,05,12,13,16,27,50,True,12514336.94
340,27/02/2002,09,10,12,33,42,60,True,13948598.35
341,02/03/2002,05,16,22,23,43,56,True,15865526.88
342,06/03/2002,16,29,34,49,51,54,True,17547094.93
343,09/03/2002,04,06,07,12,24,41,False,0.0
344,13/03/2002,10,12,14,33,35,36,True,524086.97
345,16/03/2002,11,22,46,51,56,58,False,0.0
346,20/03/2002,07,12,41,46,56,60,True,471175.04
347,23/03/2002,01,10,12,26,48,52,True,1334215.32
348,27/03/2002,19,30,33,39,40,52,True,1944413.01
349,30/03/2002,08,09,28,32,38,54,True,10405636.15
350,03/04/2002,10,15,23,30,43,57,True,11538610.2
351,06/04/2002,15,16,24,41,59,60,True,13241262.56
352,10/04/2002,07,20,25,44,47,49,True,14757638.49
353,13/04/2002,19,23,30,46,55,60,True,16844201.81
354,17/04/2002,07,16,38,40,41,52,False,0.0
355,20/04/2002,02,14,22,23,37,60,True,864747.94
356,24/04/2002,05,19,21,54,56,58,True,1470612.4
357,27/04/2002,02,30,32,35,45,53,True,2445712.66
358,04/05/2002,12,17,21,32,40,42,True,3746340.86
359,08/05/2002,13,19,20,29,31,54,True,13221837.92
360,11/05/2002,23,24,29,47,53,55,True,14920906.83
361,15/05/2002,16,28,31,41,45,59,True,16385748.75
362,18/05/2002,07,20,33,37,46,56,False,0.0
363,22/05/2002,19,29,39,47,49,54,True,483469.12
364,25/05/2002,05,29,44,51,57,59,False,0.0
365,29/05/2002,19,23,34,37,52,58,False,0.0
366,01/06/2002,04,06,07,15,21,51,True,625880.91
367,05/06/2002,10,12,27,33,49,52,False,0.0
368,08/06/2002,13,29,32,38,44,50,True,682127.44
369,12/06/2002,01,14,21,35,42,60,False,0.0
370,15/06/2002,01,04,40,42,51,54,True,7330667.64
371,19/06/2002,04,18,23,33,39,60,True,8271144.7
372,22/06/2002,16,17,24,39,46,57,False,0.0
373,26/06/2002,01,05,10,24,31,33,True,404360.65
374,29/06/2002,02,05,16,26,44,54,True,1179384.47
375,03/07/2002,01,05,09,42,51,58,True,1748004.5
376,06/07/2002,10,13,25,35,43,48,True,2705928.72
377,10/07/2002,03,12,19,27,45,46,True,3399042.3
378,13/07/2002,05,38,41,45,48,55,True,4498508.08
379,17/07/2002,24,33,40,41,55,59,True,11243785.66
380,20/07/2002,13,22,30,31,47,57,True,12882392.95
381,24/07/2002,09,10,28,46,55,56,True,14328873.76
382,27/07/2002,31,34,37,38,53,54,True,16267384.96
383,31/07/2002,14,22,48,50,53,56,True,18348185.45
384,03/08/2002,24,28,40,47,50,52,True,21673565.65
385,07/08/2002,05,12,16,18,22,24,False,0.0
386,10/08/2002,17,35,36,39,43,54,True,972045.86
387,14/08/2002,22,28,29,43,47,48,True,1689053.37
388,17/08/2002,23,36,48,52,53,58,True,2728273.75
389,21/08/2002,05,14,18,43,46,54,True,15745310.46
390,24/08/2002,07,12,22,34,38,53,False,0.0
391,28/08/2002,04,07,15,16,35,40,True,536994.3
392,31/08/2002,15,23,31,39,47,49,False,0.0
393,04/09/2002,06,12,35,36,40,50,True,510254.22
394,07/09/2002,05,15,35,42,45,49,True,1176778.31
395,11/09/2002,10,11,14,20,31,58,False,0.0
396,14/09/2002,06,18,34,42,45,47,True,767243.59
397,18/09/2002,01,02,05,24,32,46,True,1352288.49
398,21/09/2002,07,16,22,28,36,37,False,0.0
399,25/09/2002,11,16,27,47,55,59,True,5676171.41
400,28/09/2002,10,13,28,29,54,59,True,6869047.91
401,02/10/2002,11,18,43,44,50,53,True,7859389.89
402,05/10/2002,05,16,27,43,56,58,True,9248373.54
403,09/10/2002,07,16,27,31,46,60,True,10398815.28
404,12/10/2002,01,24,28,38,40,58,True,11711956.93
405,16/10/2002,24,29,34,47,57,60,True,13077805.76
406,19/10/2002,02,12,32,38,47,48,True,14899587.92
407,23/10/2002,02,18,22,49,51,57,True,16661649.27
408,26/10/2002,14,28,33,44,49,56,False,0.0
409,30/10/2002,18,25,26,31,34,49,True,9710567.61
410,02/11/2002,08,24,31,36,38,55,True,10953730.37
411,06/11/2002,10,12,31,38,45,56,True,12243861.06
412,09/11/2002,05,12,14,21,45,59,True,14018527.28
413,13/11/2002,02,04,29,33,35,53,True,15655814.53
414,16/11/2002,16,26,35,45,52,58,False,0.0
415,20/11/2002,01,04,27,38,42,44,True,529318.35
416,23/11/2002,01,13,23,33,54,56,True,1403039.91
417,27/11/2002,07,12,21,25,34,42,True,2099028.66
418,30/11/2002,08,15,32,45,49,52,False,0.0
419,04/12/2002,09,16,41,42,52,53,True,8115153.05
420,07/12/2002,12,29,30,43,57,59,True,9504559.06
421,11/12/2002,05,35,37,38,45,51,True,10706283.47
422,14/12/2002,12,37,43,55,56,60,True,12321354.11
423,18/12/2002,08,22,32,33,40,53,True,13741035.48
424,21/12/2002,18,27,29,36,46,59,True,15636395.41
425,28/12/2002,06,10,16,34,42,47,False,0.0
426,04/01/2003,07,30,32,37,50,54,True,921638.77
427,08/01/2003,03,13,14,24,43,51,True,1592223.84
428,11/01/2003,08,28,30,32,46,60,True,2566758.37
429,15/01/2003,17,26,32,36,43,55,True,12839021.93
430,18/01/2003,08,10,21,25,38,50,False,0.0
431,22/01/2003,26,37,40,47,52,58,True,505677.41
432,25/01/2003,04,13,17,27,39,50,True,1295327.95
433,29/01/2003,16,17,28,30,36,54,True,1912111.54
434,01/02/2003,04,10,17,24,30,54,True,2836778.0
435,05/02/2003,10,11,17,31,37,43,True,3566693.13
436,08/02/2003,01,06,07,29,48,57,True,4668258.69
437,12/02/2003,07,10,30,44,54,59,True,5550305.04
438,15/02/2003,03,05,11,14,38,48,True,6820280.27
439,19/02/2003,13,20,29,42,43,57,True,14150924.79
440,22/02/2003,03,05,23,30,46,47,True,15970566.86
441,26/02/2003,02,10,15,21,58,59,True,17701023.29
442,01/03/2003,06,15,23,31,37,59,False,0.0
443,08/03/2003,11,17,26,36,48,52,True,920584.21
444,12/03/2003,03,24,33,48,52,57,True,1637340.11
445,15/03/2003,07,20,31,32,50,53,True,2699748.84
446,19/03/2003,08,11,12,17,20,47,False,0.0
447,22/03/2003,15,24,25,33,42,55,True,792681.47
448,26/03/2003,03,05,09,45,51,52,True,1433817.03
449,29/03/2003,01,08,24,34,49,56,True,10220372.33
450,02/04/2003,01,09,13,50,51,59,True,11590970.46
451,05/04/2003,17,18,23,28,31,53,True,13379529.89
452,09/04/2003,11,16,30,36,51,54,True,15098395.42
453,12/04/2003,08,20,23,34,52,58,True,17392667.68
454,16/04/2003,04,17,24,42,46,56,True,19872744.64
455,19/04/2003,02,14,15,17,50,59,True,22264057.74
456,23/04/2003,03,17,22,27,33,40,True,25219091.2
457,26/04/2003,15,17,24,27,32,48,False,0.0
458,30/04/2003,13,24,32,34,43,53,True,727701.47
459,03/05/2003,08,15,17,39,43,49,True,15906301.09
460,07/05/2003,19,23,30,37,49,55,True,17708446.64
461,10/05/2003,15,17,20,29,30,60,True,20048450.45
462,14/05/2003,17,19,22,26,27,48,True,22343987.57
463,17/05/2003,02,03,07,18,45,53,True,25280386.38
464,21/05/2003,06,24,33,38,45,50,False,0.0
465,24/05/2003,01,22,31,46,51,57,True,926313.93
466,28/05/2003,11,16,28,29,30,45,True,1721479.17
467,31/05/2003,08,18,21,22,38,60,True,2840905.83
468,04/06/2003,05,06,23,25,39,51,True,3835668.21
469,07/06/2003,13,21,26,29,42,47,False,0.0
470,11/06/2003,08,11,23,37,51,58,True,13182029.14
471,14/06/2003,05,31,32,36,51,59,True,14975752.83
472,18/06/2003,03,04,12,29,38,51,True,16670651.02
473,21/06/2003,07,23,41,49,51,58,True,18486889.08
474,25/06/2003,03,12,32,34,40,50,True,20782211.64
475,28/06/2003,06,08,19,22,43,52,True,23591742.2
476,02/07/2003,17,20,38,43,55,58,True,26885217.69
477,05/07/2003,06,08,18,34,38,47,False,0.0
478,09/07/2003,03,08,21,25,30,31,True,777803.22
479,12/07/2003,20,26,41,46,54,58,True,16088932.65
480,16/07/2003,14,33,36,38,41,49,True,17947892.21
481,19/07/2003,06,13,22,24,42,44,False,0.0
482,23/07/2003,12,13,33,53,54,56,True,732011.95
483,26/07/2003,16,18,23,35,44,59,True,1786227.43
484,30/07/2003,17,18,19,38,49,53,True,2687468.43
485,02/08/2003,19,28,30,38,52,57,True,3979451.73
486,06/08/2003,08,14,19,30,42,50,False,0.0
487,09/08/2003,08,22,25,48,52,54,False,0.0
488,13/08/2003,15,30,35,39,43,57,True,654896.68
489,16/08/2003,17,28,33,36,53,59,True,9662631.84
490,20/08/2003,05,11,23,29,54,58,False,0.0
491,23/08/2003,01,09,15,22,43,55,False,0.0
492,27/08/2003,02,06,15,18,56,57,True,594095.53
493,30/08/2003,03,18,20,24,42,54,True,1510241.51
494,03/09/2003,18,20,28,32,49,53,True,2354949.51
495,06/09/2003,08,15,29,36,49,60,True,3539495.03
496,10/09/2003,10,19,20,29,41,59,True,4570690.49
497,13/09/2003,09,13,20,32,41,58,True,5928244.66
498,17/09/2003,02,06,28,49,50,57,True,7153413.01
499,20/09/2003,01,04,05,11,44,59,False,0.0
500,27/09/2003,21,29,35,36,38,54,False,0.0
501,01/10/2003,16,27,28,34,39,56,True,583261.35
502,04/10/2003,07,13,21,24,33,50,False,0.0
503,08/10/2003,07,10,21,27,48,49,True,558530.93
504,11/10/2003,08,11,19,30,39,50,True,1391570.39
505,15/10/2003,03,20,28,46,47,52,True,2102072.8
506,18/10/2003,04,15,31,34,37,38,True,3094262.01
507,22/10/2003,03,05,27,33,44,58,False,0.0
508,25/10/2003,05,10,15,45,46,56,True,714335.26
509,29/10/2003,28,32,33,34,35,55,True,7199176.21
510,01/11/2003,01,04,30,41,45,58,False,0.0
511,05/11/2003,03,04,08,34,36,37,True,761315.61
512,08/11/2003,04,08,31,40,53,58,False,0.0
513,12/11/2003,10,19,27,33,39,46,True,683099.65
514,15/11/2003,15,36,40,42,51,52,True,4941165.35
515,19/11/2003,15,16,39,45,48,57,True,6122998.73
516,22/11/2003,05,13,24,33,34,35,True,7677394.38
517,26/11/2003,07,08,28,32,38,51,True,9087707.16
518,29/11/2003,05,08,10,15,18,44,True,11003437.88
519,03/12/2003,09,15,19,22,36,42,True,18558840.36
520,06/12/2003,09,12,17,32,34,35,True,21468871.74
521,10/12/2003,15,25,28,32,38,45,True,24508480.18
522,13/12/2003,06,14,15,25,49,52,True,28496281.66
523,17/12/2003,28,39,40,44,45,58,True,34421843.43
524,20/12/2003,19,29,34,41,47,48,False,0.0
525,27/12/2003,08,10,24,26,32,49,False,0.0
526,03/01/2004,03,21,31,36,55,59,True,1349521.77
527,07/01/2004,06,14,17,26,50,52,True,2454925.13
528,10/01/2004,08,12,28,31,34,37,True,3926952.17
529,14/01/2004,01,13,33,38,45,56,False,0.0
530,17/01/2004,01,06,21,25,32,49,True,7541604.05
531,21/01/2004,01,03,07,18,35,50,True,9066892.84
532,24/01/2004,04,09,12,13,52,53,True,11074743.03
533,28/01/2004,13,18,21,27,53,59,True,12903975.95
534,31/01/2004,03,08,23,31,48,57,False,0.0
535,04/02/2004,06,14,28,47,49,56,False,0.0
536,07/02/2004,14,15,22,23,25,37,True,1076280.35
537,11/02/2004,03,07,19,34,37,39,False,0.0
538,14/02/2004,03,25,43,45,52,56,True,1041612.8
539,18/02/2004,06,16,19,47,50,55,True,5728373.54
540,21/02/2004,04,22,28,30,44,49,True,7225743.35
541,28/02/2004,13,27,49,52,57,58,False,0.0
542,03/03/2004,04,06,19,28,35,49,True,711731.71
543,06/03/2004,35,37,42,46,49,54,False,0.0
544,10/03/2004,11,17,33,34,47,56,True,4929350.89
545,13/03/2004,17,29,35,40,43,57,False,0.0
546,17/03/2004,04,05,13,17,46,54,True,684598.29
547,20/03/2004,04,13,28,30,53,59,False,0.0
548,24/03/2004,14,47,49,51,58,59,True,655746.39
549,27/03/2004,08,13,22,46,51,58,True,5216225.0
550,31/03/2004,16,17,38,39,45,56,True,6463630.53
551,03/04/2004,12,21,46,48,56,57,True,8190426.28
552,07/04/2004,09,22,47,49,52,54,True,9894220.21
553,10/04/2004,04,43,46,53,54,58,True,11644606.76
554,14/04/2004,15,29,31,42,47,60,True,20258939.21
555,17/04/2004,05,23,31,33,45,49,False,0.0
556,21/04/2004,08,10,17,30,33,45,True,520539.87
557,24/04/2004,08,12,18,23,38,49,True,1656435.01
558,28/04/2004,07,14,31,57,58,59,True,2632936.06
559,01/05/2004,06,13,17,25,36,53,False,0.0
560,05/05/2004,02,11,18,30,32,58,True,6433069.85
561,08/05/2004,01,20,36,39,49,55,True,8188276.67
562,12/05/2004,16,23,35,37,55,57,True,9881959.48
563,15/05/2004,05,08,23,34,44,51,True,12014774.5
564,19/05/2004,10,13,20,32,38,49,True,20397765.64
565,22/05/2004,07,31,34,35,37,45,True,23314582.63
566,26/05/2004,06,13,17,18,20,37,True,26805592.27
567,29/05/2004,11,31,38,41,57,58,True,31380642.06
568,02/06/2004,13,17,22,25,29,41,True,37620642.34
569,05/06/2004,03,09,14,15,32,57,False,0.0
570,09/06/2004,15,32,33,35,36,51,True,21431972.38
571,12/06/2004,12,13,14,31,50,51,True,24124014.99
572,16/06/2004,03,09,16,20,33,60,True,27148533.16
573,19/06/2004,06,17,22,29,40,59,True,30737786.41
574,23/06/2004,02,10,17,23,32,44,True,45420567.88
575,26/06/2004,05,18,21,29,35,48,False,0.0
576,30/06/2004,07,08,18,39,43,52,True,1079955.77
577,03/07/2004,08,23,24,28,31,47,True,2585472.5
578,07/07/2004,03,18,23,48,56,58,False,0.0
579,10/07/2004,04,09,15,17,34,39,False,0.0
580,14/07/2004,15,16,18,28,38,47,True,9592944.81
581,17/07/2004,14,17,25,30,39,52,False,0.0
582,21/07/2004,13,29,40,45,51,59,True,870027.37
583,24/07/2004,06,07,20,41,43,55,True,2143769.6
584,28/07/2004,07,08,23,30,32,53,True,8329175.8
585,31/07/2004,12,24,33,36,39,57,False,0.0
586,04/08/2004,11,13,38,39,45,54,True,823615.95
587,07/08/2004,02,18,29,30,36,60,True,2116308.12
588,11/08/2004,11,13,45,46,53,55,True,3254587.92
589,14/08/2004,06,07,08,13,33,59,True,9594559.27
590,18/08/2004,04,05,18,25,28,51,True,11322497.59
591,21/08/2004,01,03,18,34,50,58,True,13447020.1
592,25/08/2004,13,14,42,47,55,59,True,15406801.69
593,28/08/2004,01,25,27,29,49,59,True,17818401.51
594,01/09/2004,10,13,29,47,53,55,True,27956987.94
595,04/09/2004,01,02,25,43,50,54,True,31498176.46
596,08/09/2004,11,14,28,43,54,60,True,34695360.86
597,11/09/2004,22,27,29,40,42,56,True,39999792.49
598,15/09/2004,05,16,34,38,50,53,False,0.0
599,18/09/2004,04,06,09,23,45,51,True,15168219.08
600,22/09/2004,16,18,31,34,39,54,True,17220256.51
601,25/09/2004,10,19,22,29,30,37,True,19692689.9
602,29/09/2004,07,13,38,46,55,60,True,22018349.56
603,02/10/2004,04,08,11,12,29,44,False,0.0
604,06/10/2004,15,25,41,46,49,51,True,8450325.62
605,09/10/2004,04,24,44,49,52,53,True,10318037.87
606,13/10/2004,06,23,32,35,41,55,False,0.0
607,16/10/2004,06,11,19,27,41,59,True,1134560.21
608,20/10/2004,06,13,19,24,30,37,True,2242347.59
609,23/10/2004,02,06,15,58,59,60,True,8804117.7
610,27/10/2004,25,30,43,45,47,49,True,10421973.58
611,30/10/2004,16,21,22,33,48,49,True,12396207.89
612,03/11/2004,15,18,33,50,53,55,True,13992649.1
613,06/11/2004,06,13,19,44,54,55,True,16309642.4
614,10/11/2004,12,16,31,48,57,60,True,25638073.79
615,13/11/2004,05,08,10,27,31,51,True,28755943.65
616,17/11/2004,02,12,16,24,26,54,True,31620478.41
617,20/11/2004,03,05,25,33,36,49,False,0.0
618,24/11/2004,03,08,10,13,24,60,True,950038.98
619,27/11/2004,08,12,14,16,19,46,True,10960275.81
620,01/12/2004,01,03,13,22,29,32,True,12742680.43
621,04/12/2004,26,29,31,49,50,57,True,15046017.24
622,08/12/2004,19,27,29,38,50,59,True,17171752.86
623,11/12/2004,09,23,30,42,49,55,True,19826970.07
624,15/12/2004,08,23,34,39,43,52,False,0.0
625,18/12/2004,12,24,32,40,42,59,True,9935192.23
626,22/12/2004,07,08,18,22,39,49,True,11872960.59
627,29/12/2004,01,13,19,45,56,58,True,14669915.47
628,05/01/2005,08,16,22,30,56,58,False,0.0
629,08/01/2005,15,16,39,40,47,51,False,0.0
630,12/01/2005,12,16,20,45,53,60,True,8811801.94
631,15/01/2005,01,20,28,32,44,47,False,0.0
632,19/01/2005,02,19,28,48,51,54,True,896214.44
633,22/01/2005,05,11,22,27,46,50,True,2088308.43
634,26/01/2005,10,13,24,41,42,56,True,7789137.3
635,29/01/2005,08,20,26,37,42,49,True,9459506.58
636,02/02/2005,26,28,30,32,34,50,True,11112246.45
637,05/02/2005,11,18,43,48,52,58,True,13063669.53
638,12/02/2005,10,11,36,41,42,50,True,15643218.5
639,16/02/2005,13,35,39,45,51,60,True,25066531.77
640,19/02/2005,12,19,42,46,59,60,True,28229924.76
641,23/02/2005,01,09,13,17,33,34,False,0.0
642,26/02/2005,17,36,40,44,51,56,True,1115180.94
643,02/03/2005,14,24,37,40,42,45,True,2239011.24
644,05/03/2005,14,27,29,31,34,57,True,11328156.7
645,09/03/2005,03,24,48,52,53,54,True,13192071.41
646,12/03/2005,10,13,32,47,49,60,True,15415049.93
647,16/03/2005,11,12,14,19,54,56,False,0.0
648,19/03/2005,05,23,29,42,45,48,False,0.0
649,23/03/2005,09,24,33,41,48,54,True,6720868.06
650,26/03/2005,10,24,25,29,53,59,True,7955241.21
651,30/03/2005,26,28,39,45,48,60,True,9522864.81
652,02/04/2005,10,18,20,24,56,57,True,11487633.94
653,06/04/2005,05,09,19,24,31,34,True,13429397.87
654,09/04/2005,06,10,11,40,41,56,False,0.0
655,13/04/2005,01,26,37,39,43,48,True,7808614.22
656,16/04/2005,35,36,37,46,51,59,True,9573736.75
657,20/04/2005,16,20,33,58,59,60,False,0.0
658,23/04/2005,03,06,11,20,36,41,True,999190.32
659,27/04/2005,14,29,34,40,51,52,True,7004050.46
660,30/04/2005,05,11,38,46,53,54,True,8704277.05
661,04/05/2005,04,27,36,40,42,55,True,10398923.36
662,07/05/2005,04,18,23,25,56,60,True,12469215.44
663,11/05/2005,01,27,30,49,51,55,True,14445995.2
664,14/05/2005,01,12,36,38,55,59,True,23857740.39
665,18/05/2005,07,08,18,25,47,48,True,26622098.55
666,21/05/2005,07,16,26,29,45,55,True,30250022.18
667,25/05/2005,01,04,05,16,23,49,False,0.0
668,28/05/2005,01,02,14,33,49,56,True,1020967.19
669,01/06/2005,07,24,27,40,41,49,False,0.0
670,04/06/2005,22,37,42,48,58,59,True,10792198.93
671,08/06/2005,09,16,27,38,39,51,True,12739685.49
672,11/06/2005,24,28,34,38,43,53,True,15033880.01
673,15/06/2005,06,11,20,34,37,40,True,17241869.86
674,18/06/2005,18,22,29,32,38,42,True,27769536.63
675,22/06/2005,24,25,30,42,43,50,True,30839224.48
676,25/06/2005,09,15,32,41,42,49,True,34471676.39
677,29/06/2005,08,10,25,32,48,55,True,38657818.81
678,02/07/2005,14,31,40,42,44,46,True,44355495.36
679,06/07/2005,03,21,25,37,54,58,False,0.0
680,09/07/2005,02,03,05,22,26,44,True,19623257.97
681,13/07/2005,21,25,38,53,58,59,True,22194175.2
682,16/07/2005,04,27,36,37,47,60,True,24996965.62
683,20/07/2005,02,11,12,35,40,43,True,27715795.78
684,23/07/2005,17,19,33,37,40,50,True,40669733.33
685,27/07/2005,05,12,27,33,43,56,False,0.0
686,30/07/2005,04,05,15,26,33,54,True,1251986.54
687,03/08/2005,01,07,14,41,48,59,True,2518128.16
688,06/08/2005,11,21,30,35,47,52,True,4108867.61
689,10/08/2005,06,07,31,49,51,60,True,12298361.58
690,13/08/2005,08,12,15,41,47,53,True,14381378.18
691,17/08/2005,08,16,37,50,55,58,True,16330873.12
692,20/08/2005,11,18,33,57,58,60,True,18612740.26
693,24/08/2005,13,14,17,31,41,50,True,20982752.64
694,27/08/2005,15,19,29,37,41,53,True,31925755.05
695,31/08/2005,06,11,13,21,40,52,True,34880737.54
696,03/09/2005,09,16,34,37,53,57,False,0.0
697,10/09/2005,28,31,32,35,51,53,True,1575200.44
698,14/09/2005,08,12,22,27,43,55,True,2805890.89
699,19/09/2005,17,23,48,50,53,54,True,12141821.41
700,21/09/2005,02,03,14,24,31,40,True,13810515.56
701,24/09/2005,01,13,23,31,48,60,True,15838891.81
702,28/09/2005,01,18,45,56,57,58,True,17719825.24
703,01/10/2005,02,11,24,27,30,45,True,20037455.42
704,05/10/2005,02,04,18,27,34,50,True,29484065.62
705,08/10/2005,03,11,13,15,26,43,True,32452771.1
706,15/10/2005,02,07,10,17,22,60,True,36334914.54
707,19/10/2005,01,08,10,36,43,51,False,0.0
708,22/10/2005,07,09,13,39,45,47,True,1172271.79
709,26/10/2005,04,06,09,22,29,44,True,11276978.0
710,29/10/2005,05,25,34,39,46,49,True,13081573.14
711,05/11/2005,05,10,33,40,41,59,True,15586402.01
712,09/11/2005,07,08,35,43,53,58,True,17644136.19
713,12/11/2005,01,12,16,26,46,54,True,20040586.54
714,16/11/2005,07,08,17,35,39,53,True,29611134.96
715,19/11/2005,04,12,24,33,36,54,False,0.0
716,23/11/2005,02,07,16,29,32,50,False,0.0
717,26/11/2005,06,17,23,28,35,41,True,1065855.06
718,30/11/2005,07,21,33,35,39,58,True,2053079.87
719,03/12/2005,03,32,37,39,47,53,True,8649484.79
720,07/12/2005,12,31,44,51,54,56,True,10247549.36
721,10/12/2005,03,14,23,25,36,55,True,12157688.32
722,14/12/2005,09,18,36,44,57,60,True,14047415.26
723,17/12/2005,01,06,16,36,50,52,True,16211920.28
724,21/12/2005,17,27,34,48,51,55,True,25450246.43
725,31/12/2005,03,09,35,37,41,49,False,0.0
726,04/01/2006,01,05,07,37,40,47,True,946893.69
727,07/01/2006,04,12,14,30,42,59,True,2216072.86
728,11/01/2006,08,13,24,32,42,44,True,3431622.25
729,14/01/2006,05,18,33,43,56,57,False,0.0
730,18/01/2006,02,15,16,45,50,54,True,9358249.67
731,21/01/2006,06,15,16,23,28,35,True,11137662.34
732,25/01/2006,06,17,19,49,50,53,True,12799611.64
733,28/01/2006,02,12,26,31,43,46,True,14762139.6
734,01/02/2006,27,29,43,44,45,54,False,0.0
735,04/02/2006,09,15,38,40,42,52,True,7826853.28
736,08/02/2006,01,21,38,41,49,56,True,9417386.79
737,11/02/2006,11,12,24,32,33,38,True,11547995.59
738,15/02/2006,14,15,26,30,42,54,True,13745772.39
739,18/02/2006,06,10,35,45,49,56,True,23305073.75
740,22/02/2006,12,16,28,29,47,50,False,0.0
741,25/02/2006,24,26,27,36,39,59,True,1145248.54
742,01/03/2006,02,07,17,34,41,50,True,1766454.86
743,04/03/2006,20,23,25,32,54,60,True,3211524.66
744,08/03/2006,04,12,23,26,39,46,True,9937380.49
745,11/03/2006,02,16,21,37,43,57,True,11955163.21
746,15/03/2006,01,10,12,25,49,57,False,0.0
747,18/03/2006,02,03,12,21,23,56,True,1213104.4
748,22/03/2006,01,02,07,19,35,51,True,2389018.77
749,25/03/2006,04,24,47,48,50,57,True,9429097.84
750,29/03/2006,10,17,33,42,54,58,True,11040828.28
751,01/04/2006,04,07,20,25,38,50,True,13012035.71
752,05/04/2006,04,23,24,25,29,42,True,14971892.19
753,08/04/2006,02,07,22,35,43,59,False,0.0
754,12/04/2006,03,04,13,34,42,50,True,7463330.98
755,15/04/2006,04,12,30,47,49,59,True,8777742.92
756,19/04/2006,05,27,37,38,41,50,True,10414179.09
757,22/04/2006,12,17,18,30,32,58,True,12082632.69
758,26/04/2006,01,23,36,43,47,59,True,13941260.58
759,29/04/2006,30,31,39,45,48,59,True,22265544.19
760,03/05/2006,12,17,44,45,46,60,True,24506255.18
761,06/05/2006,13,17,27,29,40,56,True,27512048.76
762,10/05/2006,09,12,21,37,39,54,True,30932491.92
763,13/05/2006,01,09,26,40,47,48,True,35086525.19
764,18/05/2006,03,07,45,47,53,55,False,0.0
765,21/05/2006,03,10,16,30,37,50,True,14740248.65
766,24/05/2006,01,19,24,42,50,58,True,16598769.93
767,27/05/2006,15,22,32,38,50,54,True,18803331.88
768,31/05/2006,04,08,30,33,37,59,False,0.0
769,03/06/2006,12,16,20,21,29,50,True,7808149.6
770,07/06/2006,04,12,25,34,35,48,True,9438882.88
771,10/06/2006,14,21,29,34,46,47,True,11260979.64
772,14/06/2006,10,35,38,51,52,60,True,12817492.36
773,17/06/2006,03,05,14,29,34,51,True,14487644.71
774,21/06/2006,05,10,37,46,54,58,False,0.0
775,24/06/2006,12,27,42,46,47,50,True,7421108.15
776,28/06/2006,03,15,35,41,57,60,True,8748382.29
777,01/07/2006,02,14,23,28,50,56,True,10252923.38
778,05/07/2006,20,31,36,37,45,51,True,11825302.87
779,08/07/2006,25,26,29,36,52,54,True,19016906.07
780,12/07/2006,07,10,28,50,51,59,True,21030186.72
781,15/07/2006,08,10,13,39,54,56,True,23318185.27
782,19/07/2006,02,11,23,35,42,59,True,25654326.84
783,22/07/2006,04,08,21,32,43,48,False,0.0
784,26/07/2006,08,27,37,42,53,56,True,8240695.17
785,29/07/2006,05,08,17,35,37,48,False,0.0
786,02/08/2006,10,11,26,27,31,41,True,854527.84
787,05/08/2006,20,31,34,37,54,60,True,2039100.64
788,09/08/2006,17,19,29,31,44,57,True,3206981.5
789,12/08/2006,06,31,38,39,50,60,True,9027559.48
790,16/08/2006,02,06,19,22,28,43,True,10483439.1
791,19/08/2006,09,14,19,35,42,58,False,0.0
792,23/08/2006,09,29,34,43,45,56,True,887300.41
793,26/08/2006,03,15,16,33,51,57,True,2014302.06
794,30/08/2006,03,38,42,47,55,56,True,7393144.45
795,02/09/2006,14,21,26,29,36,48,True,8860028.16
796,06/09/2006,05,19,24,34,39,43,True,10256514.12
797,09/09/2006,06,12,47,48,52,58,True,11707935.01
798,13/09/2006,03,04,09,29,32,52,True,13355239.88
799,16/09/2006,19,29,35,42,55,57,True,20861429.08
800,20/09/2006,01,07,11,37,38,56,True,22895125.15
801,23/09/2006,11,19,20,22,42,48,True,25374360.34
802,27/09/2006,06,14,18,24,48,60,True,27890287.63
803,30/09/2006,03,05,10,21,28,57,True,30927687.9
804,04/10/2006,03,13,37,47,56,59,False,0.0
805,07/10/2006,02,30,36,43,48,60,True,11073179.39
806,12/10/2006,18,26,35,41,47,60,True,12693574.74
807,14/10/2006,02,08,27,32,49,56,True,14345789.99
808,18/10/2006,02,15,21,31,46,57,True,16228138.27
809,21/10/2006,05,11,15,23,25,30,True,24143857.18
810,25/10/2006,01,04,05,33,37,48,True,26441472.82
811,28/10/2006,10,28,32,41,47,57,False,0.0
812,01/11/2006,11,13,38,39,54,57,True,967199.74
813,04/11/2006,09,15,23,45,46,56,True,2069459.59
814,08/11/2006,02,08,11,41,46,50,True,9203290.18
815,11/11/2006,09,19,37,39,50,57,True,10921121.58
816,16/11/2006,20,21,30,40,47,52,True,12380394.81
817,18/11/2006,10,29,30,34,43,52,True,14004110.17
818,22/11/2006,08,09,22,25,41,44,True,15715920.16
819,25/11/2006,05,19,25,46,51,58,True,23874662.7
820,29/11/2006,10,17,21,32,45,46,False,0.0
821,02/12/2006,04,29,33,36,38,42,True,1130724.8
822,06/12/2006,04,10,17,27,41,52,True,2212009.51
823,09/12/2006,01,15,26,51,54,59,True,3566468.83
824,13/12/2006,06,07,09,20,33,48,True,10044004.79
825,16/12/2006,10,21,28,40,41,47,True,11814295.88
826,19/12/2006,06,07,08,27,45,53,True,12907689.09
827,21/12/2006,18,24,30,42,51,56,True,14636725.67
828,23/12/2006,23,28,38,42,50,53,True,16672542.56
829,31/12/2006,10,14,32,47,50,56,True,30306455.18
830,03/01/2007,02,13,41,49,51,53,True,34276670.77
831,06/01/2007,03,32,33,42,48,50,True,40770541.92
832,10/01/2007,15,17,23,33,39,49,False,0.0
833,13/01/2007,13,16,46,53,57,58,True,1358616.66
834,17/01/2007,10,16,17,34,44,51,False,0.0
835,20/01/2007,18,31,33,49,57,58,True,20109130.83
836,24/01/2007,17,22,28,38,52,59,True,22459069.62
837,27/01/2007,05,06,16,24,34,60,False,0.0
838,31/01/2007,09,23,30,38,44,47,True,1166414.58
839,03/02/2007,07,08,11,18,37,43,True,9548388.11
840,07/02/2007,17,29,31,35,43,59,True,11457118.69
841,10/02/2007,07,22,32,36,38,51,True,13644549.97
842,14/02/2007,07,09,30,44,51,60,True,15792837.51
843,17/02/2007,01,16,34,36,45,48,True,18162628.75
844,24/02/2007,16,24,34,44,54,57,True,29460722.37
845,28/02/2007,14,19,20,40,48,52,True,32541798.04
846,03/03/2007,02,03,44,47,50,54,True,36074973.92
847,07/03/2007,14,15,27,42,44,48,False,0.0
848,10/03/2007,17,27,32,34,47,56,False,0.0
849,14/03/2007,08,09,39,44,49,58,True,10859511.56
850,17/03/2007,07,22,25,44,59,60,True,12843555.94
851,21/03/2007,03,16,19,32,35,58,False,0.0
852,24/03/2007,06,14,23,34,38,44,True,1179766.12
853,28/03/2007,30,38,46,51,56,59,True,2467562.79
854,31/03/2007,03,17,24,25,27,44,True,9795115.03
855,04/04/2007,03,24,31,42,43,53,True,11546909.14
856,07/04/2007,11,15,40,41,42,47,True,13209593.04
857,11/04/2007,02,03,17,49,50,59,True,15337557.86
858,14/04/2007,04,18,23,31,37,54,False,0.0
859,18/04/2007,09,12,34,46,47,57,True,7624012.41
860,23/04/2007,02,08,17,22,42,44,True,9295079.41
861,25/04/2007,39,40,42,47,59,60,False,0.0
862,28/04/2007,02,08,11,12,19,35,False,0.0
863,02/05/2007,15,24,32,50,53,57,True,830178.33
864,05/05/2007,08,11,31,33,42,57,True,6807400.0
865,09/05/2007,23,26,27,41,51,53,True,8347183.58
866,12/05/2007,05,27,36,40,46,48,True,10212715.83
867,16/05/2007,10,19,26,28,44,54,True,12060144.51
868,19/05/2007,21,22,25,40,51,57,True,14156101.29
869,23/05/2007,27,29,42,49,50,51,False,0.0
870,26/05/2007,08,21,34,40,43,52,True,8272810.82
871,30/05/2007,01,05,10,17,47,58,True,10016284.93
872,02/06/2007,05,18,31,43,55,58,True,12106777.43
873,06/06/2007,04,19,30,34,57,59,True,14303522.62
874,09/06/2007,10,20,42,44,52,59,True,23535080.88
875,13/06/2007,18,20,24,36,53,58,False,0.0
876,16/06/2007,04,08,12,41,45,60,True,1534014.85
877,20/06/2007,13,15,20,28,31,36,True,3277722.23
878,23/06/2007,11,12,37,38,43,54,True,5008543.3
879,27/06/2007,10,28,29,35,42,46,True,13767454.24
880,30/06/2007,25,30,37,46,49,51,True,16033853.7
881,04/07/2007,04,18,24,43,51,56,True,18517686.08
882,07/07/2007,17,41,42,44,45,60,False,0.0
883,11/07/2007,21,32,37,52,53,60,True,1180711.67
884,14/07/2007,02,11,12,14,22,39,True,10204577.3
885,18/07/2007,04,13,31,33,47,51,True,12050926.17
886,21/07/2007,17,33,37,50,55,59,True,14224834.41
887,25/07/2007,01,12,21,32,34,44,True,16421104.66
888,28/07/2007,24,40,50,52,54,60,False,0.0
889,01/08/2007,20,24,34,39,54,60,True,8190614.89
890,04/08/2007,07,09,17,21,22,54,True,10159508.19
891,08/08/2007,15,16,19,22,34,35,True,12378266.6
892,11/08/2007,01,19,42,44,49,52,True,15031644.65
893,15/08/2007,03,18,26,51,53,56,True,17741499.79
894,18/08/2007,20,24,28,37,41,44,True,30139459.45
895,22/08/2007,02,41,43,55,57,58,True,34353506.77
896,25/08/2007,05,11,22,31,35,41,True,39670465.09
897,29/08/2007,07,21,22,43,46,57,True,46355633.71
898,01/09/2007,03,04,08,30,45,54,False,0.0
899,05/09/2007,18,20,36,53,54,58,True,20867361.42
900,08/09/2007,04,18,21,34,38,59,False,0.0
901,12/09/2007,13,16,32,33,34,56,True,1641698.41
902,15/09/2007,18,23,50,52,55,58,True,3692969.85
903,19/09/2007,05,17,20,32,41,55,True,5792054.3
904,22/09/2007,32,44,48,51,53,59,True,15768458.93
905,26/09/2007,02,04,15,16,55,57,False,0.0
906,29/09/2007,07,14,24,29,35,39,False,0.0
907,03/10/2007,09,36,37,41,51,53,True,1403531.54
908,06/10/2007,01,09,19,25,50,52,True,3222281.26
909,10/10/2007,17,22,26,28,38,42,True,11605715.34
910,13/10/2007,03,15,27,29,36,53,True,13593997.94
911,17/10/2007,01,06,28,29,46,49,False,0.0
912,20/10/2007,04,19,21,26,29,54,True,1455212.96
913,24/10/2007,14,30,36,38,46,59,False,0.0
914,27/10/2007,09,12,23,33,45,51,True,7590419.67
915,31/10/2007,17,20,26,28,48,49,False,0.0
916,03/11/2007,05,28,33,36,37,38,True,1171341.29
917,07/11/2007,23,25,30,46,47,59,True,2680091.97
918,10/11/2007,04,08,12,38,44,52,True,4473550.36
919,14/11/2007,03,25,31,41,43,60,True,12153032.42
920,17/11/2007,05,17,24,52,55,57,True,14235226.59
921,21/11/2007,01,09,35,41,48,57,True,16556605.48
922,24/11/2007,12,13,19,41,45,49,True,19370014.34
923,28/11/2007,02,15,39,50,53,57,True,22420857.89
924,01/12/2007,02,20,21,27,51,60,True,35717127.33
925,05/12/2007,08,22,36,37,46,52,False,0.0
926,08/12/2007,21,33,34,40,41,59,True,1495186.73
927,12/12/2007,19,23,26,31,33,36,True,3110971.95
928,15/12/2007,04,10,32,33,49,60,False,0.0
929,19/12/2007,16,27,35,39,49,57,True,9414519.05
930,22/12/2007,20,28,37,46,49,55,True,11758079.4
931,31/12/2007,07,17,19,34,36,39,True,15785742.06
932,05/01/2008,02,17,21,36,42,53,False,0.0
933,09/01/2008,08,14,25,39,45,51,True,1352761.06
934,12/01/2008,01,03,21,25,44,48,True,12508366.08
935,16/01/2008,07,13,18,29,31,45,True,14803274.65
936,19/01/2008,05,14,22,29,33,44,False,0.0
937,23/01/2008,02,21,22,30,41,52,True,1274477.8
938,26/01/2008,15,27,35,50,57,59,True,2871982.33
939,30/01/2008,06,19,23,37,49,50,True,11264174.77
940,02/02/2008,05,25,31,33,37,51,True,13483573.63
941,06/02/2008,10,11,15,27,53,60,True,14791945.07
942,09/02/2008,05,08,18,42,52,59,True,17460716.85
943,13/02/2008,03,12,23,41,47,58,False,0.0
944,16/02/2008,16,37,43,52,58,59,True,9017085.0
945,20/02/2008,04,08,27,44,54,59,True,11076748.93
946,23/02/2008,01,05,12,47,52,59,True,13496546.46
947,27/02/2008,03,05,11,14,33,58,False,0.0
948,01/03/2008,22,41,44,46,52,54,True,1426806.41
949,05/03/2008,01,23,41,44,51,52,True,10111849.01
950,08/03/2008,23,41,42,48,49,59,True,12377708.64
951,12/03/2008,14,24,34,39,49,55,True,14815050.33
952,15/03/2008,02,11,18,27,30,54,True,17574870.51
953,19/03/2008,01,16,39,42,48,55,False,0.0
954,22/03/2008,05,08,18,24,33,57,True,9334367.34
955,26/03/2008,05,12,21,32,33,35,False,0.0
956,29/03/2008,46,47,51,54,57,59,False,0.0
957,02/04/2008,24,25,32,34,50,57,True,1270385.5
958,05/04/2008,07,13,22,33,48,51,False,0.0
959,09/04/2008,03,05,11,33,39,57,True,6756745.86
960,12/04/2008,06,18,19,33,34,53,True,8711201.48
961,16/04/2008,02,04,16,21,36,53,True,10884250.08
962,19/04/2008,02,11,40,48,49,55,False,0.0
963,23/04/2008,15,17,37,48,50,59,True,1064165.04
964,26/04/2008,08,13,20,26,33,42,True,9139860.1
965,30/04/2008,05,30,36,39,57,58,True,11128162.61
966,03/05/2008,01,04,26,28,41,58,True,13169290.24
967,07/05/2008,05,13,14,18,30,57,True,15680353.75
968,10/05/2008,01,04,13,30,51,60,True,18568330.65
969,14/05/2008,13,25,35,41,50,56,False,0.0
970,17/05/2008,05,21,28,34,54,57,False,0.0
971,21/05/2008,04,11,14,33,44,45,True,1329260.36
972,24/05/2008,15,18,31,33,34,56,False,0.0
973,28/05/2008,01,08,30,36,47,53,True,1239792.94
974,31/05/2008,12,16,20,31,38,45,True,8440373.33
975,04/06/2008,09,30,33,37,40,41,True,10865043.23
976,07/06/2008,14,23,25,28,38,53,True,13604340.57
977,11/06/2008,03,05,07,09,17,32,False,0.0
978,14/06/2008,12,16,18,27,42,58,True,1596346.74
979,18/06/2008,03,15,28,31,39,51,True,11484484.11
980,21/06/2008,15,17,29,35,36,59,True,13956888.71
981,25/06/2008,01,08,34,41,53,58,True,16572825.97
982,28/06/2008,08,12,24,40,43,49,True,19657775.24
983,02/07/2008,16,22,32,38,40,45,False,0.0
984,05/07/2008,04,10,20,43,46,47,True,11966686.94
985,09/07/2008,04,16,18,46,56,59,True,14489938.27
986,12/07/2008,06,15,19,24,31,32,True,17649132.28
987,16/07/2008,13,27,31,34,47,58,True,21265623.87
988,19/07/2008,08,17,46,48,56,60,True,25323903.99
989,23/07/2008,02,21,27,29,32,38,True,44005353.43
990,26/07/2008,02,10,15,18,29,39,False,0.0
991,30/07/2008,08,09,15,38,41,60,True,1689908.71
992,02/08/2008,01,04,06,08,25,28,True,3844685.43
993,06/08/2008,05,24,25,26,42,60,True,6166992.8
994,09/08/2008,03,20,29,40,44,58,True,21402602.8
995,13/08/2008,04,16,31,36,54,55,True,24901410.33
996,16/08/2008,07,15,20,21,23,29,False,0.0
997,20/08/2008,09,17,18,32,53,55,True,1649230.73
998,23/08/2008,03,04,21,22,28,32,True,3690945.05
999,27/08/2008,18,24,36,44,55,58,True,14203313.76
1000,30/08/2008,29,38,39,49,53,58,True,17409498.46
1001,03/09/2008,12,15,27,37,51,60,True,20948817.14
1002,06/09/2008,03,07,25,31,40,58,False,0.0
1003,10/09/2008,05,10,16,23,26,27,False,0.0
1004,13/09/2008,29,40,43,44,45,47,True,10552054.8
1005,17/09/2008,04,06,12,37,41,42,False,0.0
1006,20/09/2008,02,04,17,33,48,55,False,0.0
1007,24/09/2008,04,27,36,37,49,52,True,1482420.65
1008,27/09/2008,07,13,15,34,42,48,True,3337751.69
1009,01/10/2008,01,06,12,29,34,58,False,0.0
1010,04/10/2008,02,03,13,37,46,54,True,7920807.17
1011,08/10/2008,02,11,21,30,35,52,True,10210432.01
1012,11/10/2008,14,19,40,47,55,58,True,12923432.48
1013,15/10/2008,07,09,12,19,20,41,False,0.0
1014,18/10/2008,08,09,25,41,57,60,True,8859049.04
1015,22/10/2008,03,08,17,26,28,49,True,11110589.81
1016,25/10/2008,05,09,11,20,25,60,False,0.0
1017,29/10/2008,06,19,31,34,51,56,True,1457677.69
1018,01/11/2008,09,24,44,51,55,58,True,3357381.15
1019,05/11/2008,04,13,23,29,46,47,True,11835965.99
1020,08/11/2008,01,02,19,32,39,52,True,14716218.54
1021,12/11/2008,02,33,42,43,51,55,False,0.0
1022,16/11/2008,05,21,31,39,40,56,True,1219024.12
1023,19/11/2008,02,07,08,18,40,45,True,3012691.11
1024,22/11/2008,18,22,28,29,39,53,True,12026299.1
1025,26/11/2008,10,27,28,29,40,52,True,14788169.28
1026,29/11/2008,06,10,17,33,51,53,True,18109910.47
1027,03/12/2008,18,20,33,44,47,60,True,22036323.69
1028,06/12/2008,20,26,34,51,52,54,True,26828477.85
1029,10/12/2008,05,16,17,20,24,32,False,0.0
1030,13/12/2008,01,08,23,37,54,57,True,15656941.29
1031,17/12/2008,24,33,40,43,46,49,False,0.0
1032,20/12/2008,15,16,26,29,43,57,True,1991549.91
1033,24/12/2008,05,06,17,33,39,54,True,4080441.78
1034,27/12/2008,01,03,18,20,42,49,True,29557027.04
1035,31/12/2008,01,11,26,51,59,60,True,37025110.94
1036,03/01/2009,10,27,36,39,41,52,False,0.0
1037,07/01/2009,04,36,44,46,53,56,True,2055486.11
1038,10/01/2009,06,07,28,35,43,51,True,4545165.59
1039,14/01/2009,02,20,24,27,36,52,True,21306617.42
1040,17/01/2009,01,06,28,39,44,55,True,25165354.54
1041,21/01/2009,10,12,36,44,54,57,False,0.0
1042,24/01/2009,13,18,25,30,46,51,True,1983110.38
1043,28/01/2009,14,21,25,48,51,60,True,4118214.61
1044,31/01/2009,10,11,13,35,39,58,True,15945179.95
1045,04/02/2009,01,05,06,17,31,50,True,19241182.43
1046,07/02/2009,28,40,42,54,55,57,False,0.0
1047,11/02/2009,01,02,08,10,14,48,True,1720141.14
1048,14/02/2009,03,16,21,28,38,57,False,0.0
1049,18/02/2009,02,05,17,29,34,52,False,0.0
1050,21/02/2009,14,24,26,33,45,60,True,10189998.98
1051,25/02/2009,07,10,11,13,43,57,True,11636051.15
1052,28/02/2009,08,11,15,16,52,57,False,0.0
1053,04/03/2009,15,27,34,42,49,53,False,0.0
1054,07/03/2009,13,14,18,27,41,60,True,8083746.3
1055,11/03/2009,12,15,16,20,27,32,False,0.0
1056,14/03/2009,06,08,38,50,53,59,False,0.0
1057,18/03/2009,02,03,04,15,49,59,True,1590685.29
1058,21/03/2009,18,20,24,45,51,57,False,0.0
1059,25/03/2009,01,12,14,16,37,45,False,0.0
1060,28/03/2009,01,03,16,18,41,42,False,0.0
1061,01/04/2009,09,21,23,30,41,56,True,1591415.12
1062,04/04/2009,02,08,23,33,37,55,True,3684492.68
1063,08/04/2009,01,22,44,47,49,50,True,5911224.82
1064,11/04/2009,04,16,19,28,29,49,True,14524789.16
1065,15/04/2009,07,19,30,39,43,57,True,17654485.48
1066,18/04/2009,06,10,25,32,43,49,True,21511165.79
1067,22/04/2009,04,10,14,25,28,56,True,25237954.47
1068,25/04/2009,25,27,44,47,48,57,True,30418969.33
1069,29/04/2009,09,17,28,45,49,53,False,0.0
1070,02/05/2009,05,08,16,23,41,53,False,0.0
1071,06/05/2009,05,07,37,43,53,54,True,1806143.13
1072,09/05/2009,09,18,19,43,47,54,True,4159908.54
1073,13/05/2009,08,25,32,34,36,44,True,6634811.63
1074,16/05/2009,03,10,23,29,47,50,True,16976970.12
1075,20/05/2009,10,12,16,21,39,53,True,20450510.01
1076,23/05/2009,04,10,19,32,33,42,True,24479432.11
1077,27/05/2009,05,06,09,11,18,37,False,0.0
1078,30/05/2009,03,06,34,41,43,45,True,1948695.28
1079,03/06/2009,05,12,24,28,36,37,False,0.0
1080,06/06/2009,11,18,20,34,41,56,True,12716777.49
1081,10/06/2009,09,16,24,29,52,56,True,16001758.39
1082,13/06/2009,04,17,38,40,50,55,True,19360050.18
1083,17/06/2009,10,20,23,28,42,43,True,23480703.04
1084,20/06/2009,05,20,29,33,40,59,True,39437088.95
1085,24/06/2009,12,21,39,40,50,55,True,46002479.88
1086,27/06/2009,02,04,06,10,23,45,False,0.0
1087,01/07/2009,03,20,28,32,36,46,True,2177511.76
1088,04/07/2009,06,24,31,35,42,57,True,4942757.79
1089,08/07/2009,02,18,20,32,37,48,True,23035860.57
1090,11/07/2009,09,20,24,36,40,42,True,27168860.47
1091,15/07/2009,17,23,24,27,49,56,True,32230875.61
1092,18/07/2009,01,09,30,33,34,40,True,38294925.87
1093,22/07/2009,19,23,27,38,41,49,True,45920866.95
1094,25/07/2009,09,10,21,36,41,48,False,0.0
1095,29/07/2009,10,16,21,23,27,36,True,24452986.89
1096,01/08/2009,03,13,14,16,41,52,True,29439225.73
1097,05/08/2009,01,17,21,33,48,56,False,0.0
1098,08/08/2009,11,20,21,30,50,52,False,0.0
1099,12/08/2009,14,31,35,38,44,55,True,14459242.92
1100,15/08/2009,07,17,18,33,41,42,True,18174867.35
1101,19/08/2009,06,07,10,12,24,57,False,0.0
1102,22/08/2009,09,11,23,35,46,51,True,2375142.54
1103,26/08/2009,10,19,28,41,55,56,True,4933030.92
1104,29/08/2009,02,03,06,35,49,58,True,18060804.99
1105,02/09/2009,01,15,28,43,50,57,False,0.0
1106,05/09/2009,04,15,43,47,50,60,True,2175905.27
1107,09/09/2009,03,09,20,36,53,54,True,4496344.33
1108,12/09/2009,07,09,39,43,44,60,True,7688095.88
1109,16/09/2009,06,08,11,14,29,52,True,20340725.12
1110,19/09/2009,06,14,26,28,42,45,False,0.0
1111,23/09/2009,04,09,25,32,33,43,False,0.0
1112,26/09/2009,04,32,34,43,52,58,True,2224476.04
1113,30/09/2009,03,06,29,36,47,59,False,0.0
1114,03/10/2009,03,15,16,22,25,54,False,0.0
1115,07/10/2009,18,30,37,41,44,50,True,11132729.77
1116,10/10/2009,04,09,13,17,20,47,False,0.0
1117,14/10/2009,01,06,17,27,35,40,True,1742106.23
1118,17/10/2009,08,20,21,43,44,55,True,4209080.96
1119,21/10/2009,10,34,41,44,45,54,True,14740142.18
1120,24/10/2009,07,35,40,44,50,55,True,18307829.45
1121,28/10/2009,04,17,18,54,56,59,False,0.0
1122,31/10/2009,26,44,46,49,55,56,True,2073117.88
1123,04/11/2009,04,14,19,39,45,60,True,4015470.76
1124,07/11/2009,07,11,16,18,33,49,True,15550005.71
1125,11/11/2009,03,07,29,33,42,56,False,0.0
1126,14/11/2009,04,31,42,52,57,59,True,2128367.63
1127,18/11/2009,05,08,14,24,29,30,False,0.0
1128,21/11/2009,08,16,24,39,52,60,False,0.0
1129,25/11/2009,12,17,19,32,47,55,True,9094554.71
1130,28/11/2009,05,18,23,32,49,54,True,12050502.92
1131,02/12/2009,01,08,16,34,36,49,True,15717508.75
1132,05/12/2009,12,27,30,33,52,55,True,19854486.1
1133,09/12/2009,05,10,16,21,39,58,False,0.0
1134,12/12/2009,09,22,29,36,51,56,True,13077964.72
1135,16/12/2009,04,05,06,19,23,39,False,0.0
1136,19/12/2009,07,31,32,34,37,43,True,2289692.56
1137,22/12/2009,19,21,25,28,43,50,True,3852718.38
1138,24/12/2009,02,04,15,18,25,36,True,5917535.51
1139,26/12/2009,09,28,31,36,37,42,True,61731493.11
1140,31/12/2009,10,27,40,46,49,58,False,0.0
1141,02/01/2010,09,37,40,50,58,60,True,605113.35
1142,06/01/2010,03,15,26,28,31,58,True,2471072.68
1143,09/01/2010,03,30,35,44,47,60,True,4811454.35
1144,13/01/2010,01,10,18,19,44,49,True,11724753.92
1145,16/01/2010,03,16,19,24,33,60,False,0.0
1146,20/01/2010,06,10,28,33,34,53,True,1758423.03
1147,23/01/2010,06,23,31,33,39,52,True,4009415.81
1148,27/01/2010,27,28,29,32,48,55,True,6266575.92
1149,30/01/2010,07,08,23,36,46,54,True,16684537.21
1150,03/02/2010,15,17,28,31,35,52,True,19934936.77
1151,06/02/2010,01,04,14,21,25,51,True,23741179.41
1152,10/02/2010,14,20,29,36,44,47,True,27742438.13
1153,13/02/2010,06,17,19,34,46,55,True,32297124.6
1154,17/02/2010,04,12,14,21,26,28,True,46695017.02
1155,20/02/2010,20,28,40,41,51,58,True,53368610.37
1156,24/02/2010,09,24,31,44,48,49,True,61659631.2
1157,27/02/2010,09,29,41,43,46,49,False,0.0
1158,03/03/2010,23,30,31,54,55,60,True,2356109.85
1159,06/03/2010,05,06,34,46,53,55,True,25368068.86
1160,10/03/2010,01,03,05,18,40,48,False,0.0
1161,13/03/2010,04,07,42,47,48,51,True,2435954.08
1162,17/03/2010,18,22,25,30,31,41,True,5012483.34
1163,20/03/2010,05,17,31,47,51,53,True,8126662.78
1164,24/03/2010,06,14,17,26,40,49,True,21170174.38
1165,27/03/2010,20,40,42,52,54,60,True,25277800.98
1166,31/03/2010,22,28,30,31,35,54,True,29702501.97
1167,03/04/2010,20,28,43,51,52,56,True,33984911.71
1168,07/04/2010,04,05,20,47,53,56,True,39427100.86
1169,10/04/2010,01,11,14,23,42,48,False,0.0
1170,14/04/2010,11,13,27,34,46,49,False,0.0
1171,17/04/2010,03,10,13,30,41,57,True,2444272.09
1172,20/04/2010,06,12,28,43,52,56,True,4443633.49
1173,24/04/2010,05,07,24,25,36,47,True,7475062.0
1174,28/04/2010,06,07,39,47,51,52,True,19341429.43
1175,30/04/2010,02,03,12,16,37,47,True,22639885.13
1176,05/05/2010,11,14,21,30,33,49,True,27009415.74
1177,08/05/2010,33,38,47,50,52,55,False,0.0
1178,12/05/2010,01,22,30,45,50,53,True,2119836.94
1179,15/05/2010,05,22,28,47,59,60,True,15909470.94
1180,19/05/2010,12,30,34,44,57,60,True,19487422.2
1181,22/05/2010,18,20,26,31,44,45,True,23872382.69
1182,26/05/2010,02,04,29,52,56,60,True,28289723.98
1183,29/05/2010,05,10,12,20,29,37,False,0.0
1184,02/06/2010,04,09,23,27,28,30,True,14661502.87
1185,05/06/2010,02,10,21,35,43,54,True,17820133.57
1186,09/06/2010,07,08,12,13,15,41,False,0.0
1187,12/06/2010,08,17,19,40,43,49,True,2263749.35
1188,16/06/2010,09,20,44,52,59,60,True,4496348.84
1189,19/06/2010,14,21,27,31,35,50,True,16296089.09
1190,23/06/2010,10,11,19,37,53,56,False,0.0
1191,26/06/2010,03,11,16,22,25,33,True,1959568.05
1192,30/06/2010,17,20,49,52,57,59,True,4057292.71
1193,03/07/2010,02,09,12,14,32,54,True,6480249.51
1194,07/07/2010,06,13,24,41,50,53,True,17080404.23
1195,10/07/2010,17,20,26,27,55,57,False,0.0
1196,14/07/2010,03,06,19,20,58,60,True,1911607.9
1197,17/07/2010,36,37,39,49,54,60,True,4318353.37
1198,21/07/2010,22,29,36,41,48,58,True,6850881.31
1199,24/07/2010,16,19,23,28,39,58,True,18200523.7
1200,28/07/2010,03,10,11,39,54,56,False,0.0
1201,31/07/2010,28,32,36,49,55,60,True,2055364.13
1202,04/08/2010,08,09,11,48,53,60,True,4311607.33
1203,07/08/2010,07,09,30,33,38,55,True,7018099.86
1204,11/08/2010,05,10,25,39,43,52,True,18316592.66
1205,14/08/2010,04,13,14,26,29,35,True,22221535.91
1206,18/08/2010,02,06,11,36,37,48,True,26383440.55
1207,21/08/2010,09,11,22,32,35,56,True,31345622.39
1208,25/08/2010,01,12,20,26,45,54,True,36935598.02
1209,28/08/2010,05,14,17,30,35,38,True,59900458.51
1210,01/09/2010,03,07,09,10,31,34,True,73338200.39
1211,04/09/2010,03,15,31,36,48,54,False,0.0
1212,08/09/2010,02,23,33,35,40,50,True,1989105.38
1213,11/09/2010,03,11,26,34,45,53,True,5020939.63
1214,15/09/2010,05,29,30,36,41,48,True,33917085.84
1215,18/09/2010,10,25,30,47,50,51,True,39632131.51
1216,22/09/2010,04,07,13,25,27,58,True,45796594.37
1217,25/09/2010,05,11,15,28,43,50,True,53263730.31
1218,29/09/2010,10,23,29,31,33,46,True,62589221.31
1219,02/10/2010,02,33,34,37,41,53,True,99517334.59
1220,06/10/2010,05,15,43,48,52,55,False,0.0
1221,09/10/2010,05,14,37,43,46,58,True,2819788.93
1222,13/10/2010,05,08,19,26,48,57,True,5435524.2
1223,16/10/2010,15,17,35,42,47,48,True,9271123.19
1224,20/10/2010,19,21,27,41,53,57,False,0.0
1225,23/10/2010,31,32,34,40,50,55,False,0.0
1226,27/10/2010,10,31,40,50,55,56,True,2385002.68
1227,30/10/2010,04,28,30,31,35,54,False,0.0
1228,03/11/2010,10,23,36,50,52,60,True,1959787.41
1229,06/11/2010,12,30,32,40,49,60,True,14182939.0
1230,10/11/2010,09,12,19,22,35,37,True,17941713.91
1231,13/11/2010,05,20,23,27,39,49,False,0.0
1232,17/11/2010,08,11,12,15,18,22,True,1974742.97
1233,20/11/2010,22,29,32,49,54,59,True,4616624.43
1234,24/11/2010,03,05,19,24,30,35,True,17300360.17
1235,27/11/2010,10,16,20,26,49,55,True,21151251.64
1236,01/12/2010,03,08,17,20,38,53,True,25248033.37
1237,04/12/2010,05,18,21,26,39,59,False,0.0
1238,08/12/2010,13,14,24,39,40,45,True,2185597.01
1239,11/12/2010,01,15,37,39,48,52,True,16292399.49
1240,15/12/2010,08,09,12,22,42,49,True,19881568.56
1241,18/12/2010,10,13,25,26,28,45,True,24042571.82
1242,20/12/2010,11,34,45,48,51,54,True,25682508.0
1243,22/12/2010,09,19,23,29,32,57,True,29616886.54
1244,24/12/2010,02,08,15,25,34,45,True,104122626.0
1245,31/12/2010,02,10,34,37,43,50,False,0.0
1246,05/01/2011,10,37,40,43,57,59,True,2148225.48
1247,08/01/2011,03,09,11,24,36,51,True,4896902.11
1248,12/01/2011,20,33,34,57,58,60,True,7798968.5
1249,15/01/2011,03,08,36,40,51,53,False,0.0
1250,19/01/2011,01,02,24,40,51,59,True,9702756.58
1251,22/01/2011,05,27,34,46,48,52,True,12978966.7
1252,26/01/2011,02,14,35,39,49,51,True,16303617.54
1253,29/01/2011,02,17,23,43,44,51,True,19785548.84
1254,02/02/2011,07,09,14,18,29,39,True,34384817.93
1255,05/02/2011,05,23,38,39,51,54,True,39716029.61
1256,09/02/2011,26,33,35,38,43,53,True,45513494.46
1257,12/02/2011,02,15,26,27,30,52,False,0.0
1258,16/02/2011,11,26,47,55,57,59,True,2240397.48
1259,19/02/2011,04,06,39,46,54,58,True,19695537.06
1260,23/02/2011,19,23,29,31,41,53,True,23628152.1
1261,26/02/2011,10,14,22,41,42,53,True,28276078.02
1262,02/03/2011,05,07,08,09,11,39,False,0.0
1263,05/03/2011,04,18,26,36,41,53,True,2502467.36
1264,09/03/2011,04,17,36,37,51,56,True,15184977.6
1265,12/03/2011,13,19,24,46,50,60,True,19030246.79
1266,16/03/2011,06,10,33,39,42,60,True,23191400.61
1267,19/03/2011,04,20,30,41,47,58,True,27891287.17
1268,23/03/2011,03,16,17,44,53,60,True,33033525.87
1269,26/03/2011,04,05,15,17,27,51,False,0.0
1270,30/03/2011,05,09,24,31,33,42,True,18113899.54
1271,02/04/2011,01,02,39,48,52,59,True,22411226.22
1272,06/04/2011,13,26,27,28,35,52,True,27030113.51
1273,09/04/2011,13,19,26,40,58,60,True,32448501.08
1274,13/04/2011,13,17,21,39,40,59,True,52984883.98
1275,16/04/2011,02,14,48,55,58,60,True,60928157.26
1276,20/04/2011,05,09,11,22,36,40,False,0.0
1277,23/04/2011,12,18,31,50,59,60,True,1517701.88
1278,27/04/2011,04,16,24,25,30,56,True,4414276.7
1279,30/04/2011,08,14,29,35,36,40,True,24514912.08
1280,04/05/2011,06,10,16,20,29,54,True,29198123.13
1281,07/05/2011,08,11,14,30,36,38,False,0.0
1282,11/05/2011,04,23,39,52,55,56,True,2545141.94
1283,14/05/2011,08,30,40,44,59,60,True,5809100.65
1284,18/05/2011,20,21,26,29,31,36,True,21403382.14
1285,21/05/2011,10,15,28,31,33,38,True,26111704.05
1286,25/05/2011,02,05,28,33,51,52,True,31148608.26
1287,28/05/2011,11,12,31,33,42,52,True,37004670.64
1288,01/06/2011,17,30,32,40,42,56,True,43966226.83
1289,04/06/2011,01,03,08,13,27,52,False,0.0
1290,08/06/2011,02,03,14,23,34,50,True,24014974.07
1291,11/06/2011,18,40,47,54,57,58,True,29242776.55
1292,15/06/2011,09,11,23,30,31,54,True,34612488.92
1293,18/06/2011,01,13,24,40,44,50,True,40792489.49
1294,22/06/2011,04,06,29,48,50,51,True,65385078.43
1295,25/06/2011,02,05,15,20,43,57,False,0.0
1296,29/06/2011,10,14,43,46,49,53,True,2414673.52
1297,02/07/2011,02,05,11,13,56,59,True,5621705.9
1298,06/07/2011,14,15,30,53,55,60,False,0.0
1299,09/07/2011,08,22,32,43,53,56,True,15046663.45
1300,13/07/2011,43,44,46,53,54,59,False,0.0
1301,16/07/2011,03,16,23,25,51,56,False,0.0
1302,20/07/2011,02,10,15,44,56,57,True,2339791.97
1303,23/07/2011,08,19,46,51,52,54,True,5302743.11
1304,27/07/2011,07,14,15,20,23,35,True,17861876.13
1305,30/07/2011,03,05,11,36,44,46,True,22120460.55
1306,03/08/2011,06,19,22,34,43,45,True,26731395.64
1307,06/08/2011,07,10,32,43,47,54,False,0.0
1308,09/08/2011,07,08,24,30,33,47,True,1587128.31
1309,11/08/2011,07,12,25,26,32,39,True,15550756.73
1310,13/08/2011,08,09,14,32,53,59,True,19373038.14
1311,17/08/2011,07,09,12,19,45,54,True,23622724.12
1312,20/08/2011,05,20,22,28,29,30,True,28579345.16
1313,24/08/2011,01,04,26,39,43,49,True,33817016.06
1314,27/08/2011,38,42,44,52,58,60,True,55369062.27
1315,31/08/2011,01,27,29,38,50,52,False,0.0
1316,03/09/2011,08,13,25,34,42,48,False,0.0
1317,08/09/2011,06,13,29,30,35,37,True,2215668.61
1318,10/09/2011,11,14,16,28,34,46,True,4961754.76
1319,14/09/2011,04,05,16,18,27,51,True,20568151.64
1320,17/09/2011,17,24,25,38,41,55,True,25340695.29
1321,21/09/2011,10,47,51,53,59,60,False,0.0
1322,24/09/2011,10,21,43,47,53,55,True,2742226.09
1323,28/09/2011,06,15,25,37,48,55,True,5808298.7
1324,01/10/2011,18,29,31,44,51,57,True,22033754.85
1325,05/10/2011,02,05,16,20,35,43,True,26743520.84
1326,08/10/2011,10,11,18,19,30,50,True,32431186.77
1327,13/10/2011,16,35,36,41,52,54,True,38741869.73
1328,15/10/2011,10,23,27,43,53,59,False,0.0
1329,19/10/2011,07,08,11,39,43,50,True,19139519.77
1330,22/10/2011,08,18,21,30,48,49,True,23973099.6
1331,26/10/2011,09,24,26,39,46,57,False,0.0
1332,29/10/2011,03,05,13,24,35,59,False,0.0
1333,03/11/2011,25,26,28,33,42,51,True,2555470.44
1334,05/11/2011,01,06,08,10,25,27,True,17351264.84
1335,09/11/2011,03,14,20,22,49,51,False,0.0
1336,12/11/2011,01,32,38,47,51,54,False,0.0
1337,16/11/2011,02,20,35,38,45,51,True,2163225.69
1338,19/11/2011,01,18,19,33,43,60,False,0.0
1339,23/11/2011,07,10,14,16,54,59,True,12323951.62
1340,26/11/2011,13,21,30,36,59,60,True,16182620.14
1341,30/11/2011,01,11,20,37,40,52,True,20580961.4
1342,03/12/2011,05,07,42,46,50,60,True,25739230.68
1343,07/12/2011,19,20,31,42,51,56,True,31130032.72
1344,10/12/2011,08,19,21,36,42,59,False,0.0
1345,14/12/2011,07,17,19,26,40,50,True,19645695.09
1346,17/12/2011,12,32,40,47,48,59,False,0.0
1347,20/12/2011,09,19,45,46,54,56,True,1681457.45
1348,22/12/2011,07,12,38,39,45,56,True,4273242.73
1349,24/12/2011,09,19,20,50,51,60,False,0.0
1350,31/12/2011,03,04,29,36,45,55,False,0.0
1351,04/01/2012,13,33,36,41,50,56,True,2192896.53
1352,07/01/2012,09,18,24,35,36,59,True,5171565.92
1353,11/01/2012,03,11,13,27,32,47,False,0.0
1354,14/01/2012,02,08,38,42,48,49,False,0.0
1355,18/01/2012,11,17,24,39,46,49,True,10038894.3
1356,21/01/2012,06,13,21,22,31,46,True,13801846.13
1357,25/01/2012,01,19,24,26,52,55,True,17556742.21
1358,28/01/2012,03,15,16,35,37,47,True,22059253.65
1359,01/02/2012,06,10,12,17,28,53,True,39156095.15
1360,04/02/2012,02,16,17,25,50,54,False,0.0
1361,08/02/2012,23,27,30,37,38,44,True,2554368.24
1362,11/02/2012,02,12,19,22,36,58,False,0.0
1363,15/02/2012,25,35,42,45,52,57,True,2398385.4
1364,18/02/2012,10,13,20,40,44,53,True,16186627.78
1365,22/02/2012,02,24,26,32,35,50,True,18427847.04
1366,25/02/2012,12,27,37,44,54,59,False,0.0
1367,01/03/2012,02,07,13,29,38,43,True,1879743.88
1368,03/03/2012,10,21,26,29,32,38,False,0.0
1369,07/03/2012,05,16,24,32,38,46,True,11093283.98
1370,10/03/2012,02,04,05,27,49,59,False,0.0
1371,14/03/2012,03,04,08,11,47,49,True,2281981.94
1372,17/03/2012,03,36,40,46,58,60,True,5360565.43
1373,21/03/2012,07,27,39,52,55,57,False,0.0
1374,24/03/2012,06,21,28,31,33,43,True,12062910.42
1375,28/03/2012,14,25,28,45,53,58,False,0.0
1376,31/03/2012,09,11,21,49,53,54,True,2658346.01
1377,04/04/2012,02,05,12,13,25,35,False,0.0
1378,07/04/2012,02,05,17,18,54,59,True,2152301.02
1379,11/04/2012,05,12,36,45,50,58,True,13848344.05
1380,14/04/2012,03,14,52,55,57,60,True,18163437.01
1381,18/04/2012,11,27,30,40,44,57,False,0.0
1382,20/04/2012,05,13,16,17,27,55,True,1814053.48
1383,25/04/2012,07,09,23,44,46,55,True,4560383.15
1384,28/04/2012,02,18,30,31,45,56,False,0.0
1385,02/05/2012,27,35,36,37,42,59,False,0.0
1386,05/05/2012,12,28,38,39,51,56,True,2703887.6
1387,09/05/2012,18,27,32,43,50,52,True,5706194.01
1388,12/05/2012,22,29,31,43,50,54,True,9489345.77
1389,16/05/2012,01,16,28,39,44,57,False,0.0
1390,19/05/2012,04,19,27,28,29,31,False,0.0
1391,23/05/2012,07,12,19,34,40,53,True,2318207.92
1392,26/05/2012,02,08,12,28,33,43,True,5314742.8
1393,30/05/2012,04,18,24,28,39,44,False,0.0
1394,02/06/2012,11,16,24,35,46,50,True,11764027.65
1395,06/06/2012,05,11,17,19,44,48,True,15722099.73
1396,09/06/2012,29,48,52,54,55,58,True,19922509.6
1397,13/06/2012,03,04,07,15,27,56,True,25122180.21
1398,16/06/2012,14,32,33,40,42,51,True,31170332.79
1399,20/06/2012,34,39,43,56,57,60,False,0.0
1400,23/06/2012,09,26,34,43,53,54,True,20699395.11
1401,27/06/2012,11,12,25,33,48,54,False,0.0
1402,30/06/2012,02,09,10,21,27,38,True,2839619.38
1403,04/07/2012,13,16,20,26,39,42,True,6166518.19
1404,07/07/2012,07,08,27,31,32,51,True,22089242.39
1405,11/07/2012,03,14,17,32,37,39,False,0.0
1406,14/07/2012,07,10,17,24,38,57,True,3161842.16
1407,18/07/2012,18,29,31,42,43,53,True,6539717.17
1408,21/07/2012,04,19,20,24,39,43,True,10746651.56
1409,25/07/2012,06,19,26,47,50,58,True,28288400.52
1410,28/07/2012,18,29,40,42,50,54,True,34525901.6
1411,01/08/2012,08,12,32,44,46,48,False,0.0
1412,04/08/2012,06,08,24,37,41,45,False,0.0
1413,07/08/2012,13,15,33,45,54,55,True,1634104.26
1414,09/08/2012,21,37,44,46,49,57,True,18502377.63
1415,11/08/2012,26,36,40,46,49,51,True,22890179.88
1416,15/08/2012,03,19,22,24,35,49,False,0.0
1417,18/08/2012,05,12,45,52,56,59,False,0.0
1418,22/08/2012,07,08,10,12,27,56,True,2644837.54
1419,25/08/2012,17,21,30,48,52,58,True,17872769.48
1420,29/08/2012,02,11,16,18,36,45,True,22322165.67
1421,01/09/2012,19,31,39,44,53,59,False,0.0
1422,05/09/2012,02,05,13,17,39,44,False,0.0
1423,08/09/2012,03,08,21,25,27,43,False,0.0
1424,12/09/2012,03,07,15,29,38,60,True,13325277.46
1425,15/09/2012,07,16,29,36,38,50,False,0.0
1426,19/09/2012,06,15,18,24,30,44,True,2429813.06
1427,22/09/2012,08,39,44,47,53,56,True,5566069.41
1428,26/09/2012,07,15,19,34,37,55,False,0.0
1429,29/09/2012,09,12,22,39,48,60,True,12664526.03
1430,03/10/2012,02,19,22,30,46,52,True,16881109.04
1431,06/10/2012,05,09,13,33,40,54,True,22225171.32
1432,10/10/2012,16,24,25,42,45,59,True,27888229.83
1433,13/10/2012,04,13,14,40,46,52,False,0.0
1434,17/10/2012,03,18,22,34,55,58,False,0.0
1435,20/10/2012,04,15,45,47,50,52,True,19534166.5
1436,24/10/2012,01,13,23,24,30,57,True,24498095.24
1437,27/10/2012,22,23,26,37,38,48,True,31063955.59
1438,31/10/2012,07,14,31,33,36,49,False,0.0
1439,03/11/2012,02,34,35,42,43,55,True,19099165.19
1440,07/11/2012,02,06,28,36,51,56,False,0.0
1441,10/11/2012,17,29,36,38,53,56,True,3181203.48
1442,14/11/2012,12,13,20,30,34,49,True,6894620.79
1443,17/11/2012,12,20,32,48,52,54,True,10771227.06
1444,21/11/2012,02,05,27,28,48,55,True,27713340.32
1445,24/11/2012,05,19,32,41,49,58,False,0.0
1446,28/11/2012,06,13,24,32,40,51,False,0.0
1447,01/12/2012,01,19,28,33,39,41,True,3010163.5
1448,05/12/2012,01,25,29,36,56,60,True,6358254.43
1449,08/12/2012,02,06,18,30,52,56,True,22336184.15
1450,12/12/2012,26,27,31,38,44,45,True,27343313.77
1451,15/12/2012,02,10,11,33,52,57,True,33141179.59
1452,18/12/2012,02,14,28,50,57,58,True,37175930.17
1453,20/12/2012,06,13,25,32,47,57,True,42752088.24
1454,22/12/2012,04,27,29,41,48,52,True,122411671.25
1455,31/12/2012,14,32,33,36,41,52,False,0.0
1456,02/01/2013,06,08,14,26,36,40,True,1313627.95
1457,05/01/2013,15,16,34,42,46,59,True,4629202.83
1458,09/01/2013,02,04,16,33,44,51,True,8420233.24
1459,12/01/2013,02,06,30,34,35,52,False,0.0
1460,16/01/2013,04,14,27,38,50,52,True,12296574.51
1461,19/01/2013,31,36,44,47,49,54,True,17234665.08
1462,23/01/2013,05,09,25,27,38,40,False,0.0
1463,26/01/2013,13,22,28,29,40,48,True,2989852.91
1464,30/01/2013,02,24,32,50,54,59,True,19117004.46
1465,02/02/2013,06,11,16,26,44,53,True,24137821.57
1466,06/02/2013,04,06,13,34,37,51,False,0.0
1467,09/02/2013,23,24,26,41,52,53,False,0.0
1468,13/02/2013,01,02,10,19,20,37,False,0.0
1469,16/02/2013,04,13,35,54,56,58,True,14475394.97
1470,20/02/2013,02,34,36,38,51,55,False,0.0
1471,23/02/2013,10,25,33,36,40,58,True,3011569.17
1472,27/02/2013,12,18,23,25,45,50,True,6259763.9
1473,02/03/2013,02,12,33,57,58,60,True,10367470.95
1474,06/03/2013,01,02,03,11,28,43,False,0.0
1475,09/03/2013,12,13,37,44,48,51,False,0.0
1476,13/03/2013,04,10,26,37,47,57,True,2758568.78
1477,16/03/2013,03,04,46,50,56,59,True,6340706.88
1478,20/03/2013,10,27,37,40,47,55,True,10025127.83
1479,23/03/2013,21,48,50,54,57,60,True,26112714.84
1480,27/03/2013,09,14,21,26,36,52,False,0.0
1481,30/03/2013,17,27,28,40,44,55,True,2383898.76
1482,03/04/2013,06,09,11,34,41,53,True,5408258.78
1483,06/04/2013,01,35,39,53,55,56,True,9191551.17
1484,10/04/2013,17,20,24,29,49,53,True,24978254.24
1485,13/04/2013,04,27,30,36,54,59,True,30670509.92
1486,17/04/2013,01,06,10,34,40,54,False,0.0
1487,20/04/2013,04,09,17,23,28,53,True,2940589.52
1488,24/04/2013,04,22,25,38,45,51,False,0.0
1489,27/04/2013,01,15,24,26,28,48,False,0.0
1490,02/05/2013,01,03,31,32,43,52,True,16896662.04
1491,04/05/2013,06,26,45,50,56,60,True,21182827.87
1492,08/05/2013,04,09,18,44,46,48,False,0.0
1493,11/05/2013,07,12,24,27,30,49,False,0.0
1494,15/05/2013,02,14,24,28,35,50,True,14329345.31
1495,18/05/2013,04,13,14,44,49,57,True,18687724.13
1496,22/05/2013,14,18,28,41,47,54,True,23656465.87
1497,25/05/2013,04,05,07,27,45,58,True,29080768.61
1498,29/05/2013,06,11,27,40,46,49,True,35470952.42
1499,01/06/2013,08,22,26,33,37,54,False,0.0
1500,05/06/2013,10,18,31,43,57,59,False,0.0
1501,08/06/2013,01,07,13,29,37,54,False,0.0
1502,12/06/2013,06,22,43,51,52,57,True,2801889.58
1503,15/06/2013,03,04,16,22,36,42,True,6160813.94
1504,19/06/2013,02,10,12,30,41,42,True,20439900.82
1505,22/06/2013,01,02,06,09,16,32,True,24873756.07
1506,26/06/2013,03,14,18,34,42,49,True,29460557.82
1507,29/06/2013,24,46,50,51,52,56,True,35335598.46
1508,03/07/2013,17,18,30,35,39,58,False,0.0
1509,06/07/2013,01,06,27,46,51,59,True,18579983.72
1510,10/07/2013,01,08,17,44,46,53,False,0.0
1511,13/07/2013,04,08,17,29,31,45,True,3020912.81
1512,17/07/2013,11,28,35,42,46,58,True,6312511.6
1513,20/07/2013,17,28,31,56,57,58,True,10170920.65
1514,24/07/2013,16,17,23,42,59,60,False,0.0
1515,27/07/2013,04,13,14,18,49,59,False,0.0
1516,31/07/2013,04,18,20,34,45,60,False,0.0
1517,03/08/2013,07,17,38,45,52,56,True,2841647.55
1518,06/08/2013,08,09,28,41,48,55,True,4711737.63
1519,08/08/2013,05,06,15,23,56,59,True,16228282.25
1520,10/08/2013,07,31,35,36,46,48,True,20461515.75
1521,14/08/2013,11,14,18,30,33,39,False,0.0
1522,17/08/2013,05,08,23,32,33,56,True,2817494.59
1523,21/08/2013,22,25,31,39,41,44,True,5946598.97
1524,24/08/2013,02,12,40,46,52,53,True,21532147.87
1525,28/08/2013,02,26,30,35,46,54,True,26081860.01
1526,31/08/2013,10,16,28,47,51,59,False,0.0
1527,04/09/2013,16,32,36,42,44,48,True,2519473.73
1528,06/09/2013,04,13,15,19,36,58,True,4862186.4
1529,11/09/2013,11,15,17,34,35,49,False,0.0
1530,14/09/2013,10,16,28,33,48,53,False,0.0
1531,18/09/2013,12,13,24,41,42,44,True,2541953.77
1532,21/09/2013,02,11,23,31,42,44,False,0.0
1533,25/09/2013,13,21,29,34,47,57,True,2473276.87
1534,28/09/2013,01,12,28,29,34,48,False,0.0
1535,02/10/2013,08,09,25,41,54,55,True,13376862.66
1536,05/10/2013,13,18,29,32,50,58,True,17859260.43
1537,09/10/2013,06,10,33,50,51,56,False,0.0
1538,11/10/2013,23,27,35,52,53,57,False,0.0
1539,16/10/2013,08,10,20,26,49,58,True,14133639.1
1540,19/10/2013,03,17,27,32,47,54,True,18727668.11
1541,23/10/2013,05,24,37,44,49,58,True,23695260.85
1542,26/10/2013,07,11,12,30,39,57,True,29615187.77
1543,30/10/2013,07,15,20,23,30,41,True,36779781.7
1544,01/11/2013,02,21,30,35,45,50,True,63155442.89
1545,06/11/2013,04,06,11,24,45,48,False,0.0
1546,09/11/2013,04,17,38,44,53,60,True,3197606.56
1547,13/11/2013,02,09,10,18,21,28,False,0.0
1548,16/11/2013,19,41,42,44,47,54,True,2572861.18
1549,20/11/2013,10,12,16,20,32,53,False,0.0
1550,23/11/2013,09,13,21,27,36,56,False,0.0
1551,27/11/2013,02,15,19,21,23,38,False,0.0
1552,30/11/2013,07,18,24,26,39,46,True,3077362.89
1553,04/12/2013,20,21,22,29,46,60,True,6533974.54
1554,07/12/2013,30,32,49,50,52,53,True,22222363.27
1555,11/12/2013,02,05,23,33,52,59,True,27388034.29
1556,14/12/2013,01,04,07,10,11,52,True,33583180.67
1557,17/12/2013,04,16,18,31,45,46,True,38253558.38
1558,19/12/2013,07,15,17,31,42,54,True,44641902.75
1559,21/12/2013,08,12,16,29,37,58,False,0.0
1560,31/12/2013,20,30,36,38,47,53,False,0.0
1561,02/01/2014,23,26,28,54,55,60,True,954736.58
1562,04/01/2014,10,12,23,37,47,51,True,3346617.51
1563,09/01/2014,01,06,13,20,36,43,False,0.0
1564,11/01/2014,25,38,44,46,53,54,False,0.0
1565,15/01/2014,18,37,39,41,43,51,True,10056109.18
1566,18/01/2014,05,06,11,32,36,60,False,0.0
1567,22/01/2014,02,15,30,38,48,53,True,2741246.19
1568,25/01/2014,19,24,25,28,42,58,True,6204962.36
1569,29/01/2014,05,15,18,31,42,53,True,21628185.4
1570,01/02/2014,15,18,24,42,46,56,True,27112310.39
1571,05/02/2014,03,29,32,46,55,60,True,33748171.78
1572,08/02/2014,20,27,42,45,46,47,True,41752746.75
1573,12/02/2014,07,16,21,35,36,38,True,51530013.98
1574,15/02/2014,06,27,28,33,46,48,True,90042313.82
1575,19/02/2014,01,04,05,14,45,56,False,0.0
1576,22/02/2014,13,15,21,26,30,46,True,3447005.08
1577,26/02/2014,11,14,25,32,51,59,False,0.0
1578,01/03/2014,03,06,30,37,53,56,True,3311724.97
1579,05/03/2014,25,34,40,49,51,60,True,26955151.45
1580,08/03/2014,01,06,14,17,33,36,False,0.0
1581,12/03/2014,14,15,25,30,31,34,True,3114252.13
1582,15/03/2014,01,04,13,17,38,48,False,0.0
1583,19/03/2014,02,09,17,18,45,47,True,3046550.39
1584,22/03/2014,03,22,27,28,50,54,True,20262421.25
1585,26/03/2014,02,43,47,48,49,55,True,25699576.97
1586,29/03/2014,08,39,43,46,47,58,True,32622073.4
1587,02/04/2014,08,19,21,30,52,56,True,40938574.57
1588,05/04/2014,23,29,32,36,45,49,False,0.0
1589,09/04/2014,04,05,11,19,41,51,True,24453798.07
1590,12/04/2014,07,20,34,40,44,55,True,30672645.09
1591,16/04/2014,04,10,23,33,38,55,False,0.0
1592,19/04/2014,31,36,38,41,42,49,True,2433047.61
1593,23/04/2014,04,09,17,18,21,38,False,0.0
1594,26/04/2014,06,07,08,23,43,53,True,16848508.95
1595,30/04/2014,02,05,08,42,46,59,False,0.0
1596,03/05/2014,01,05,07,10,12,45,False,0.0
1597,07/05/2014,05,10,16,44,50,52,True,3036056.24
1598,10/05/2014,29,31,36,42,47,53,True,7010250.78
1599,14/05/2014,03,10,15,35,36,58,False,0.0
1600,17/05/2014,09,23,32,35,46,57,False,0.0
1601,21/05/2014,08,10,24,45,56,60,True,3157899.01
1602,24/05/2014,08,12,22,35,40,44,False,0.0
1603,28/05/2014,13,20,27,31,53,60,True,3004689.56
1604,31/05/2014,02,21,24,27,40,51,True,19276829.6
1605,04/06/2014,09,19,21,30,31,42,True,24818622.91
1606,07/06/2014,01,15,37,42,46,54,False,0.0
1607,11/06/2014,07,31,32,41,51,52,True,3067558.1
1608,14/06/2014,05,06,17,43,54,59,True,6768663.83
1609,18/06/2014,02,06,13,26,53,60,True,24995950.53
1610,21/06/2014,01,04,09,35,36,53,True,29969484.28
1611,25/06/2014,24,28,47,50,51,58,True,35701227.5
1612,28/06/2014,06,13,17,36,42,51,False,0.0
1613,02/07/2014,04,18,31,44,46,49,True,3112828.98
1614,05/07/2014,14,17,21,27,43,49,False,0.0
